oblast,raion,city,district,street_new,street_old,house_raw,house_num,house_slash,house_dash,house_letter,postcode,oblast_code,raion_code,city_code,district_code
,,Харків,Шевченківський район,проспект Перемоги,,59,59,,,,,,,,
,,Харків,Шевченківський район,проспект Перемоги,,59,59,,,,61201,,,,
,,Харків,Шевченківський район,Людвіга Свободи проспект,,43,43,,,,,,,,
,,Харків,Шевченківський район,Клочківська вулиця,,43/47,43,47,,,,,,,
,,Харків,Шевченківський район,Сумська вулиця,Карла Лібкнехта,21,21,,,,61057,,,,
,,Харків,Шевченківський район,проспект Науки,Леніна проспект,38,38,,,,,,,,
,,Харків,Шевченківський район,проспект Науки,Леніна проспект,40,40,,,,,,,,
,,Харків,Шевченківський район,проспект Науки,Леніна проспект,38,38,,,,61166,,,,
,,Харків,Шевченківський район,Університетська вулиця,,2,2,,,,,,,,
,,Харків,Шевченківський район,вулиця Євгенія Єніна,вулиця Бакуліна,3,3,,,,,,,,
,,Харків,Шевченківський район,вулиця Євгенія Єніна,вулиця Бакуліна,2,2,,,,,,,,
,,Харків,Шевченківський район,Клочківська вулиця,,260,260,,,,21202,,,,
,,Харків,Шевченківський район,Університетська вулиця,,16,16,,,,,,,,
,,Харків,Шевченківський район,Римарська вулиця,,30,30,,,,61057,,,,
,,Харків,Шевченківський район,Космічна вулиця,,21,21,,,,,,,,
,,Харків,Шевченківський район,Європейська вулиця,Новгородська вулиця,38/44,38,44,,,,,,,
,,Харків,Шевченківський район,Проспект победы,,64а,64,,,а,,,,,
,,Харків,Шевченківський район,Космічна вулиця,,4,4,,,,,,,,
,,Харків,Шевченківський район,Проспект науки,,77,77,,,,,,,,
,,Харків,Шевченківський район,Людвіга Свободи проспект,,57А,57,,,А,,,,,
,,Харків,Шевченківський район,Клочківська вулиця,,293,293,,,,,,,,
,,Харків,Шевченківський район,вулиця Данилевського,,34,34,,,,,,,,
,,Харків,Шевченківський район,вулиця Євгенія Єніна,вулиця Бакуліна,4а,4,,,а,,,,,
,,Харків,Шевченківський район,проспект Науки,Леніна проспект,25,25,,,,61145,,,,
,,Харків,Шевченківський район,вулиця Дерев’янка,,3,3,,,,,,,,
,,Харків,Шевченківський район,Леніна проспект,,20,20,,,,,,,,
,,Харків,Шевченківський район,Людвіга Свободи проспект,,48Г,48,,,Г,,,,,
,,Харків,Шевченківський район,Сумська вулиця,Карла Лібкнехта,39,39,,,,,,,,
,,Харків,Шевченківський район,Отакара Яроша провулок,,14,14,,,,,,,,
,,Харків,Шевченківський район,проспект Науки,Леніна проспект,39,39,,,,,,,,
,,Харків,Шевченківський район,Сумська вулиця,Карла Лібкнехта,3,3,,,,,,,,
,,Харків,Шевченківський район,Клочківська вулиця,,295,295,,,,61045,,,,
,,Харків,Шевченківський район,Клочківська вулиця,,244,244,,,,61045,,,,
,,Харків,Шевченківський район,проспект Науки,Леніна проспект,32,32,,,,,,,,
,,Харків,Шевченківський район,Сумська вулиця,Карла Лібкнехта,77/79,77,79,,,61023,,,,
,,Харків,Шевченківський район,Леніна проспект,,19,19,,,,,,,,
,,Харків,Шевченківський район,проспект Науки,Леніна проспект,37,37,,,,,,,,
,,Харків,Шевченківський район,Культури вулиця,,6/18,6,18,,,,,,,
,,Харків,Шевченківський район,вулиця Отакара Яроша,,37,37,,,,,,,,
,,Харків,Шевченківський район,вулиця Шекспіра,,1а,1,,,а,,,,,
,,Харків,Шевченківський район,Двадцять Третього Серпня вулиця,,16,16,,,,,,,,
,,Харків,Шевченківський район,вулиця Вартових Неба,,41,41,,,,,,,,
,,Харків,Шевченківський район,вулиця Отакара Яроша,,7587757,7587757,,,,61072,,,,
,,Харків,Шевченківський район,Культури вулиця,,22б,22,,,б,,,,,
,,Харків,Шевченківський район,вулиця Вартових Неба,,42,42,,,,,,,,
,,Харків,Шевченківський район,вулиця 23 Серпня,,64,64,,,,,,,,
,,Харків,Шевченківський район,Леніна проспект,,40,40,,,,,,,,
,,Харків,Шевченківський район,Людвіга Свободи проспект,,60,60,,,,61000,,,,
,,Харків,Шевченківський район,вулиця Дерев’янка,,1,1,,,,,,,,
,,Харків,Шевченківський район,Двадцять Третього Серпня вулиця,,39а,39,,,а,61072,,,,
,,Харків,Шевченківський район,Людвіга Свободи проспект,,52а,52,,,а,,,,,
,,Харків,Шевченківський район,Клочківська вулиця,,191а,191,,,а,,,,,
,,Харків,Шевченківський район,Клочківська вулиця,,191А,191,,,А,61000,,,,
,,Харків,Шевченківський район,Сумская улица,,71,71,,,,,,,,
,,Харків,Шевченківський район,вулиця Вартових Неба,,42,42,,,,61072,,,,
,,Харків,Шевченківський район,вулиця Данилевського,,18,18,,,,,,,,
,,Харків,Шевченківський район,Римарська вулиця,,28,28,,,,61057,,,,
,,Харків,Шевченківський район,Сумська вулиця,Карла Лібкнехта,71,71,,,,,,,,
,,Харків,Шевченківський район,Культури вулиця,,26,26,,,,,,,,
,,Харків,Шевченківський район,Двадцять Третього Серпня вулиця,,26,26,,,,,,,,
,,Харків,Шевченківський район,Двадцять Третього Серпня вулиця,,33а,33,,,а,,,,,
,,Харків,Шевченківський район,вулиця Отакара Яроша,,27/23,27,23,,,,,,,
,,Харків,Шевченківський район,вулиця Олександра Олеся,вулиця Сергія Єсеніна,1,1,,,,,,,,
,,Харків,Шевченківський район,Культури вулиця,,17,17,,,,,,,,
,,Харків,Шевченківський район,Авіаційна вулиця,,10,10,,,,,,,,
,,Харків,Шевченківський район,вулиця Отакара Яроша,,21,21,,,,,,,,
,,Харків,Шевченківський район,Університетська вулиця,,29,29,,,,,,,,
,,Харків,Шевченківський район,Трінклера вулиця,,22,22,,,,,,,,
,,Харків,Шевченківський район,Клочківська вулиця,,94а,94,,,а,,,,,
,,Харків,Шевченківський район,Сумська вулиця,Карла Лібкнехта,19,19,,,,,,,,
,,Харків,Шевченківський район,Академіка Ляпунова вулиця,,5,5,,,,,,,,
,,Харків,Шевченківський район,проспект Незалежності,Правди проспект,5,5,,,,,,,,
,,Харків,Шевченківський район,проспект Перемоги,,61ж,61,,,ж,61000,,,,
,,Харків,Шевченківський район,Конституції майдан,,1,1,,,,,,,,
,,Харків,Шевченківський район,проспект Науки,Леніна проспект,36,36,,,,61166,,,,
,,Харків,Шевченківський район,Балакірєва вулиця,,17б,17,,,б,,,,,
,,Харків,Шевченківський район,Клочківська вулиця,,228,228,,,,,,,,
,,Харків,Шевченківський район,Отакара Яроша провулок,,18г,18,,,г,,,,,
,,Харків,Шевченківський район,Університетська вулиця,,9,9,,,,,,,,
,,Харків,Шевченківський район,Людвіга Свободи проспект,,40,40,,,,61204,,,,
,,Харків,Шевченківський район,Квітки-Основ’яненка вулиця,,13,13,,,,,,,,
,,Харків,Шевченківський район,улица Ленина,,27а,27,,,а,,,,,
,,Харків,Шевченківський район,Новгородская улица,,85а,85,,,а,,,,,
,,Харків,Шевченківський район,вулиця Отакара Яроша,,18,18,,,,,,,,
,,Харків,Шевченківський район,проспект Науки,Леніна проспект,48,48,,,,,,,,
,,Харків,Шевченківський район,Бориса Чичибабина вулиця,,6,6,,,,,,,,
,,Харків,Шевченківський район,Ромена Роллана вулиця,,4,4,,,,,,,,
,,Харків,Шевченківський район,проспект Науки,Леніна проспект,28/7в,28,7в,,,,,,,
,,Харків,Шевченківський район,Бориса Чичибабина вулиця,,8,8,,,,61022,,,,
,,Харків,Шевченківський район,Шатилова дача,,4,4,,,,,,,,
,,Харків,Шевченківський район,Сумська вулиця,Карла Лібкнехта,77/79,77,79,,,,,,,
,,Харків,Шевченківський район,вулиця Мирослава Мисли,Цілиноградська вулиця,52а,52,,,а,,,,,
,,Харків,Шевченківський район,Культури вулиця,,16,16,,,,,,,,
,,Харків,Шевченківський район,Sumska Street,,25,25,,,,61057,,,,
,,Харків,Шевченківський район,Павловская площадь,,1/3,1,3,,,,,,,
,,Харків,Шевченківський район,Конституції майдан,,9,9,,,,,,,,
,,Харків,Шевченківський район,вулиця Отакара Яроша,,14,14,,,,,,,,
,,Харків,Шевченківський район,вулиця Отакара Яроша,,9а,9,,,а,,,,,
,,Харків,Шевченківський район,вулиця Отакара Яроша,,17,17,,,,,,,,
,,Харків,Шевченківський район,вулиця Євгенія Єніна,вулиця Бакуліна,9,9,,,,,,,,
,,Харків,Шевченківський район,Трінклера вулиця,,6,6,,,,61058,,,,
,,Харків,Шевченківський район,Людвига Свободи проспект,,50в,50,,,в,61204,,,,
,,Харків,Шевченківський район,Культури вулиця,,8,8,,,,61058,,,,
,,Харків,Шевченківський район,Сумська вулиця,Карла Лібкнехта,57,57,,,,,,,,
,,Харків,Шевченківський район,Клочківська вулиця,,174а,174,,,а,,,,,
,,Харків,Шевченківський район,проспект Науки,Леніна проспект,11,11,,,,,,,,
,,Харків,Шевченківський район,проспект Науки,Леніна проспект,7,7,,,,,,,,
,,Харків,Шевченківський район,вулиця Отакара Яроша,,18а,18,,,а,,,,,
,,Харків,Шевченківський район,вулиця Квітки-Основ’яненка,,2,2,,,,,,,,
,,Харків,Шевченківський район,Свободи майдан,,8,8,,,,61058,,,,
,,Харків,Шевченківський район,Римарська вулиця,,1,1,,,,,,,,
,,Харків,Шевченківський район,проспект Науки,Леніна проспект,58,58,,,,,,,,
,,Харків,Шевченківський район,Трінклера вулиця,,9,9,,,,,,,,
,,Харків,Шевченківський район,вулиця Данилевського,,31,31,,,,,,,,
,,Харків,Шевченківський район,проспект Науки,Леніна проспект,77,77,,,,,,,,
,,Харків,Шевченківський район,Бакулина улица,,14,14,,,,61000,,,,
,,Харків,Шевченківський район,вулиця 23 Серпня,,77,77,,,,,,,,
,,Харків,Шевченківський район,вулиця Євгенія Єніна,вулиця Бакуліна,4а,4,,,а,61145,,,,
,,Харків,Шевченківський район,вулиця Культури,,25,25,,,,61145,,,,
,,Харків,Шевченківський район,вулиця Старицького,,8,8,,,,,,,,
,,Харків,Шевченківський район,проспект Перемоги,,65г к2,65г к2,,,,61174,,,,
,,Харків,Шевченківський район,Космічна вулиця,,23,23,,,,,,,,
,,Харків,Шевченківський район,Ромена Роллана вулиця,,4 (п. 4),4 (п. 4),,,,61022,,,,
,,Харків,Шевченківський район,Клочківська вулиця,,109,109,,,,61000,,,,
,,Харків,Шевченківський район,Буковий провулок,,27,27,,,,6100,,,,
,,Харків,Шевченківський район,проспект Науки,Леніна проспект,9д,9,,,д,61166,,,,
,,Харків,Шевченківський район,проспект Науки,Леніна проспект,43а,43,,,а,,,,,
,,Харків,Шевченківський район,Римарська вулиця,,17,17,,,,,,,,
,,Харків,Шевченківський район,Римарська вулиця,,25,25,,,,61000,,,,
,,Харків,Шевченківський район,Людвіга Свободи проспект,,52А,52,,,А,,,,,
,,Харків,Шевченківський район,проспект Науки,Леніна проспект,22,22,,,,,,,,
,,Харків,Шевченківський район,проспект Науки,Леніна проспект,24,24,,,,,,,,
,,Харків,Шевченківський район,Людвіга Свободи проспект,,35,35,,,,,,,,
,,Харків,Шевченківський район,Європейська вулиця,Новгородська вулиця,3а,3,,,а,61145,,,,
,,Харків,Шевченківський район,вулиця Спецпідрозділу Кракен,Серпова вулиця,4В,4,,,В,,,,,
,,Харків,Шевченківський район,Сумська вулиця,Карла Лібкнехта,69,69,,,,,,,,
,,Харків,Шевченківський район,вулиця 23 Серпня,,30,30,,,,,,,,
,,Харків,Шевченківський район,Nauki avenue,,43а,43,,,а,,,,,
,,Харків,Шевченківський район,Квітки-Основ’яненка вулиця,,4/6,4,6,,,,,,,
,,Харків,Шевченківський район,Культури вулиця,,8,8,,,,,,,,
,,Харків,Шевченківський район,Римарська вулиця,,10,10,,,,,,,,
,,Харків,Шевченківський район,Клочківська вулиця,,174а,174,,,а,61000,,,,
,,Харків,Шевченківський район,Клочківська вулиця,,174,174,,,,,,,,
,,Харків,Шевченківський район,проспект Науки,Леніна проспект,17а,17,,,а,,,,,
,,Харків,Шевченківський район,Клочківська вулиця,,99а,99,,,а,,,,,
,,Харків,Шевченківський район,Людвіга Свободи проспект,,41,41,,,,61202,,,,
,,Харків,Шевченківський район,проспект Науки,Леніна проспект,9,9,,,,61058,,,,
,,Харків,Шевченківський район,проспект Перемоги,,68,68,,,,,,,,
,,Харків,Шевченківський район,Римарська вулиця,,19,19,,,,,,,,
,,Харків,Шевченківський район,вулиця Отакара Яроша,,26,26,,,,,,,,
,,Харків,Шевченківський район,проспект Незалежності,Правди проспект,10а,10,,,а,,,,,
,,Харків,Шевченківський район,вулиця Мирослава Мисли,Цілиноградська вулиця,48В,48,,,В,,,,,
,,Харків,Шевченківський район,Космічна вулиця,,21,21,,,,61000,,,,
,,Харків,Шевченківський район,Серпова вулиця,,4,4,,,,61166,,,,
,,Харків,Шевченківський район,Михаила Гуревича,,1/1,1,1,,,,,,,
,,Харків,Шевченківський район,Батумська вулиця,,4А,4,,,А,,,,,
,,Харків,Шевченківський район,Батумська вулиця,,16,16,,,,,,,,
,,Харків,Шевченківський район,Севастопольська вулиця,,23,23,,,,,,,,
,,Харків,Шевченківський район,проспект Перемоги,,62/1,62,1,,,,,,,
,,Харків,Шевченківський район,Людвіга Свободи проспект,,36,36,,,,61204,,,,
,,Харків,Шевченківський район,Клочківська вулиця,,174,174,,,,61000,,,,
,,Харків,Шевченківський район,Інженерний провулок,,9,9,,,,61145,,,,
,,Харків,Шевченківський район,Сумська вулиця,Карла Лібкнехта,41/2,41,2,,,61022,,,,
,,Харків,Шевченківський район,вулиця Євгенія Єніна,вулиця Бакуліна,13,13,,,,61166,,,,
,,Харків,Шевченківський район,Конституції майдан,,1,1,,,,61003,,,,
,,Харків,Шевченківський район,Букова вулиця,Заводу Комсомолець вулиця,27,27,,,,,,,,
,,Харків,Шевченківський район,Буковий провулок,,27,27,,,,,,,,
,,Харків,Шевченківський район,Людвіга Свободи проспект,,39,39,,,,,,,,
,,Харків,Шевченківський район,вулиця 23 Серпня,,33а,33,,,а,,,,,
,,Харків,Шевченківський район,Клочківська вулиця,,104 - А,104,,А,,,,,,
,,Харків,Шевченківський район,проспект Перемоги,,64а,64,,,а,61204,,,,
,,Харків,Шевченківський район,Людвіга Свободи проспект,,30,30,,,,61000,,,,
,,Харків,Шевченківський район,проспект Перемоги,,62,62,,,,,,,,
,,Харків,Шевченківський район,Трінклера вулиця,,14,14,,,,61022,,,,
,,Харків,Шевченківський район,Олексіївська вулиця,,276,276,,,,,,,,
,,Харків,Шевченківський район,проспект Перемоги,,58а,58,,,а,,,,,
,,Харків,Шевченківський район,проспект Науки,Леніна проспект,12,12,,,,,,,,
,,Харків,Шевченківський район,вулиця Отакара Яроша,,27,27,,,,,,,,
,,Харків,Шевченківський район,Фронтова вулиця,,3а,3,,,а,61084,,,,
,,Харків,Шевченківський район,вулиця Євгенія Єніна,вулиця Бакуліна,1,1,,,,,,,,
,,Харків,Шевченківський район,проспект Науки,Леніна проспект,17,17,,,,,,,,
,,Харків,Шевченківський район,вулиця Шекспіра,,16,16,,,,61000,,,,
,,Харків,Шевченківський район,Отакара Яроша провулок,,12,12,,,,,,,,
,,Харків,Шевченківський район,Клочківська вулиця,,216б,216,,,б,,,,,
,,Харків,Шевченківський район,вулиця Отакара Яроша,,7,7,,,,,,,,
,,Харків,Шевченківський район,Отакара Яроша провулок,,20,20,,,,,,,,
,,Харків,Шевченківський район,вулиця Отакара Яроша,,16/3,16,3,,,,,,,
,,Харків,Шевченківський район,вулиця Шекспіра,,1,1,,,,,,,,
,,Харків,Шевченківський район,вулиця Шекспіра,,4,4,,,,,,,,
,,Харків,Шевченківський район,проспект Науки,Леніна проспект,50/52,50,52,,,,,,,
,,Харків,Шевченківський район,проспект Науки,Леніна проспект,35,35,,,,,,,,
,,Харків,Шевченківський район,проспект Науки,Леніна проспект,56,56,,,,61000-61499,,,,
,,Харків,Шевченківський район,Космічна вулиця,,4,4,,,,61145,,,,
,,Харків,Шевченківський район,вулиця Олександра Олеся,вулиця Сергія Єсеніна,10,10,,,,,,,,
,,Харків,Шевченківський район,Людвіга Свободи проспект,,30б,30,,,б,61000,,,,
,,Харків,Шевченківський район,проспект Перемоги,,70,70,,,,61204,,,,
,,Харків,Шевченківський район,проспект Перемоги,,64В,64,,,В,,,,,
,,Харків,Шевченківський район,проспект Науки,Леніна проспект,27/23,27,23,,,,,,,
,,Харків,Шевченківський район,Клочківська вулиця,,199б,199,,,б,,,,,
,,Харків,Шевченківський район,Мирна вулиця,,19,19,,,,,,,,
,,Харків,Шевченківський район,Севастопольська вулиця,,11,11,,,,,,,,
,,Харків,Шевченківський район,Клочківська вулиця,,111а,111,,,а,,,,,
,,Харків,Шевченківський район,Космічна вулиця,,18,18,,,,,,,,
,,Харків,Шевченківський район,"Космическая, 21 бизнес центр Space Hall офис 702",,61145,61145,,,,,,,,
,,Харків,Шевченківський район,Космічна вулиця,,6а,6,,,а,,,,,
,,Харків,Шевченківський район,Космічна вулиця,,6,6,,,,,,,,
,,Харків,Шевченківський район,Космічна вулиця,,8,8,,,,,,,,
,,Харків,Шевченківський район,Космічна вулиця,,8а,8,,,а,,,,,
,,Харків,Шевченківський район,Космічна вулиця,,10,10,,,,,,,,
,,Харків,Шевченківський район,Космічна вулиця,,14,14,,,,,,,,
,,Харків,Шевченківський район,Космічна вулиця,,16,16,,,,,,,,
,,Харків,Шевченківський район,Космічна вулиця,,25а,25,,,а,,,,,
,,Харків,Шевченківський район,вулиця Євгенія Єніна,вулиця Бакуліна,8/9,8,9,,,,,,,
,,Харків,Шевченківський район,проспект Науки,Леніна проспект,9,9,,,,,,,,
,,Харків,Шевченківський район,Клочківська вулиця,,199/1,199,1,,,,,,,
,,Харків,Шевченківський район,Клочківська вулиця,,222а,222,,,а,,,,,
,,Харків,Шевченківський район,Заліська вулиця,,3а,3,,,а,,,,,
,,Харків,Шевченківський район,Клочківська вулиця,,101Ж,101,,,Ж,,,,,
,,Харків,Шевченківський район,Клочківська вулиця,,115,115,,,,61000,,,,
,,Харків,Шевченківський район,Заліська вулиця,,5,5,,,,,,,,
,,Харків,Шевченківський район,Клочківська вулиця,,150а,150,,,а,,,,,
,,Харків,Шевченківський район,Клочківська вулиця,,105б,105,,,б,,,,,
,,Харків,Шевченківський район,Заліська вулиця,,1а,1,,,а,,,,,
,,Харків,Шевченківський район,Заліська вулиця,,1,1,,,,,,,,
,,Харків,Шевченківський район,Римарська вулиця,,19,19,,,,61000,,,,
,,Харків,Шевченківський район,проспект Науки,Леніна проспект,9/8,9,8,,,,,,,
,,Харків,Шевченківський район,проспект Науки,Леніна проспект,12 (п1-п6),12 (п1-п6),,,,,,,,
,,Харків,Шевченківський район,проспект Перемоги,,55в,55,,,в,,,,,
,,Харків,Шевченківський район,вулиця Отакара Яроша,,18,18,,,,61100,,,,
,,Харків,Шевченківський район,Інженерний провулок,,9,9,,,,,,,,
,,Харків,Шевченківський район,проспект Перемоги,,61ж,61,,,ж,,,,,
,,Харків,Шевченківський район,проспект Перемоги,,70Б,70,,,Б,,,,,
,,Харків,Шевченківський район,проспект Перемоги,,70,70,,,,,,,,
,,Харків,Шевченківський район,Лозовеньківський проспект,,6,6,,,,,,,,
,,Харків,Шевченківський район,Sumska,,7,7,,,,,,,,
,,Харків,Шевченківський район,проспект Перемоги,,секция 2,секция 2,,,,61174,,,,
,,Харків,Шевченківський район,проспект Перемоги,,73б,73,,,б,61174,,,,
,,Харків,Шевченківський район,проспект Перемоги,,73а,73,,,а,61174,,,,
,,Харків,Шевченківський район,Клочківська вулиця,,124А,124,,,А,61145,,,,
,,Харків,Шевченківський район,вулиця Отакара Яроша,,19,19,,,,,,,,
,,Харків,Шевченківський район,Піщана вулиця,,11,11,,,,,,,,
,,Харків,Шевченківський район,Клочківська вулиця,,101ж,101,,,ж,,,,,
,,Харків,Шевченківський район,Клочківська вулиця,,101в,101,,,в,,,,,
,,Харків,Шевченківський район,провулок Кравцова,,19,19,,,,,,,,
,,Харків,Шевченківський район,проспект Перемоги,,75б(57),75б(57),,,,,,,,
,,Харків,Шевченківський район,Людвіга Свободи проспект,,58(54),58(54),,,,,,,,
,,Харків,Шевченківський район,вулиця Ахсарова,,7,7,,,,,,,,
,,Харків,Шевченківський район,Римарська вулиця,,19/5а,19,5а,,,,,,,
,,Харків,Шевченківський район,вулиця Ахсарова,,28(43),28(43),,,,,,,,
,,Харків,Шевченківський район,Клочківська вулиця,,27(56),27(56),,,,,,,,
,,Харків,Шевченківський район,проспект Науки,Леніна проспект,38(10),38(10),,,,,,,,
,,Харків,Шевченківський район,Проспект Свободы,,20(59),20(59),,,,,,,,
,,Харків,Шевченківський район,Людвіга Свободи проспект,,42(36),42(36),,,,,,,,
,,Харків,Шевченківський район,Європейська вулиця,Новгородська вулиця,16(38),16(38),,,,,,,,
,,Харків,Шевченківський район,вулиця Шекспіра,,12(49),12(49),,,,,,,,
,,Харків,Шевченківський район,вулиця Олександра Олеся,вулиця Сергія Єсеніна,18(53),18(53),,,,,,,,
,,Харків,Шевченківський район,проспект Перемоги,,72б(48),72б(48),,,,,,,,
,,Харків,Шевченківський район,Досвідний провулок,,101ж(63),101ж(63),,,,,,,,
,,Харків,Шевченківський район,Клочківська вулиця,,117,117,,,,,,,,
,,Харків,Шевченківський район,вулиця Отакара Яроша,,12(50),12(50),,,,,,,,
,,Харків,Шевченківський район,провулок 23 Серпня,,6(62),6(62),,,,,,,,
,,Харків,Шевченківський район,вулиця Отакара Яроша,,18Д,18,,,Д,61000,,,,
,,Харків,Шевченківський район,Отакара Яроша провулок,,18г,18,,,г,61100,,,,
,,Харків,Шевченківський район,проспект Науки,Леніна проспект,45/3,45,3,,,61072,,,,
,,Харків,Шевченківський район,проспект Науки,Леніна проспект,36,36,,,,,,,,
,,Харків,Шевченківський район,проспект Перемоги,,64б,64,,,б,61204,,,,
,,Харків,Шевченківський район,вулиця Олександра Олеся,вулиця Сергія Єсеніна,2,2,,,,61072,,,,
,,Харків,Шевченківський район,проспект Науки,Леніна проспект,20,20,,,,,,,,
,,Харків,Шевченківський район,Бориса Чичибабина вулиця,,9,9,,,,,,,,
,,Харків,Шевченківський район,вулиця Євгенія Єніна,вулиця Бакуліна,16,16,,,,61000,,,,
,,Харків,Шевченківський район,вулиця Данилевського,,3,3,,,,,,,,
,,Харків,Шевченківський район,Людвіга Свободи проспект,,45,45,,,,,,,,
,,Харків,Шевченківський район,вулиця Мирослава Мисли,Цілиноградська вулиця,50,50,,,,,,,,
,,Харків,Шевченківський район,проспект Науки,Леніна проспект,64,64,,,,,,,,
,,Харків,Шевченківський район,Науки проспект,,32,32,,,,61166,,,,
,,Харків,Шевченківський район,проспект Науки,Леніна проспект,48,48,,,,61072,,,,
,,Харків,Шевченківський район,проспект Перемоги,,64г,64,,,г,,,,,
,,Харків,Шевченківський район,проспект Науки,Леніна проспект,27,27,,,,,,,,
,,Харків,Шевченківський район,вулиця Отакара Яроша,,25/46,25,46,,,,,,,
,,Харків,Шевченківський район,вулиця Отакара Яроша,,29,29,,,,,,,,
,,Харків,Шевченківський район,проспект Науки,Леніна проспект,23,23,,,,,,,,
,,Харків,Шевченківський район,проспект Науки,Леніна проспект,19,19,,,,,,,,
,,Харків,Шевченківський район,Сумська вулиця,Карла Лібкнехта,1,1,,,,,,,,
,,Харків,Шевченківський район,проспект Незалежності,Правди проспект,1,1,,,,61000,,,,
,,Харків,Шевченківський район,Сумська вулиця,Карла Лібкнехта,63,63,,,,,,,,
,,Харків,Шевченківський район,вулиця Культури,,4,4,,,,,,,,
,,Харків,Шевченківський район,проспект Людвіга Свободи,,39,39,,,,61202,,,,
,,Харків,Шевченківський район,Сумська вулиця,Карла Лібкнехта,15,15,,,,,,,,
,,Харків,Шевченківський район,Римарська вулиця,,30,30,,,,,,,,
,,Харків,Шевченківський район,Буковий провулок,,10,10,,,,,,,,
,,Харків,Шевченківський район,майдан Свободи,,8,8,,,,,,,,
,,Харків,Шевченківський район,проспект Незалежності,Правди проспект,10,10,,,,,,,,
,,Харків,Шевченківський район,Павлівський майдан,Рози Люксембург майдан,5/7,5,7,,,,,,,
,,Харків,Шевченківський район,Клочківська вулиця,,3,3,,,,,,,,
,,Харків,Шевченківський район,Дергачівська вулиця,,10,10,,,,,,,,
,,Харків,Шевченківський район,майдан Свободи,,6,6,,,,,,,,
,,Харків,Шевченківський район,Клочківська вулиця,,337,337,,,,,,,,
,,Харків,Шевченківський район,вулиця Данилевського,,16,16,,,,,,,,
,,Харків,Шевченківський район,вулиця Дерев'янка,,17-В,17,,В,,,,,,
,,Харків,Шевченківський район,Сумська вулиця,Карла Лібкнехта,81,81,,,,,,,,
,,Харків,Шевченківський район,проспект Людвіга Свободи,,39,39,,,,,,,,
,,Харків,Шевченківський район,вулиця Культури,,8,8,,,,,,,,
,,Харків,Шевченківський район,Сумська вулиця,Карла Лібкнехта,43,43,,,,,,,,
,,Харків,Шевченківський район,Сумська вулиця,Карла Лібкнехта,43б,43,,,б,,,,,
,,Харків,Шевченківський район,проспект Незалежності,Правди проспект,17,17,,,,,,,,
,,Харків,Шевченківський район,Сумська вулиця,Карла Лібкнехта,41,41,,,,,,,,
,,Харків,Шевченківський район,Сумська вулиця,Карла Лібкнехта,53,53,,,,,,,,
,,Харків,Шевченківський район,Сумська вулиця,Карла Лібкнехта,51б,51,,,б,,,,,
,,Харків,Шевченківський район,Сумська вулиця,Карла Лібкнехта,49,49,,,,,,,,
,,Харків,Шевченківський район,Сумська вулиця,Карла Лібкнехта,45,45,,,,,,,,
,,Харків,Шевченківський район,Клочківська вулиця,,101д,101,,,д,61022,,,,
,,Харків,Шевченківський район,майдан Свободи,,4,4,,,,,,,,
,,Харків,Шевченківський район,Сумська вулиця,Карла Лібкнехта,37/1,37,1,,,,,,,
,,Харків,Шевченківський район,майдан Конституції,,7,7,,,,,,,,
,,Харків,Шевченківський район,Людвіга Свободи проспект,,30,30,,,,,,,,
,,Харків,Шевченківський район,Людвіга Свободи проспект,,28,28,,,,,,,,
,,Харків,Шевченківський район,вулиця Ахсарова,,16,16,,,,,,,,
,,Харків,Шевченківський район,вулиця Ахсарова,,20,20,,,,,,,,
,,Харків,Шевченківський район,проспект Людвіга Свободи,,20,20,,,,,,,,
,,Харків,Шевченківський район,проспект Перемоги,,61,61,,,,,,,,
,,Харків,Шевченківський район,проспект Перемоги,,79,79,,,,,,,,
,,Харків,Шевченківський район,проспект Перемоги,,77,77,,,,,,,,
,,Харків,Шевченківський район,проспект Перемоги,,67,67,,,,,,,,
,,Харків,Шевченківський район,Домобудівельна вулиця,,5,5,,,,,,,,
,,Харків,Шевченківський район,вулиця Ахсарова,,13б,13,,,б,61204,,,,
,,Харків,Шевченківський район,Людвіга Свободи проспект,,34,34,,,,61204,,,,
,,Харків,Шевченківський район,проспект Перемоги,,75а,75,,,а,,,,,
,,Харків,Шевченківський район,Людвіга Свободи проспект,,50а,50,,,а,,,,,
,,Харків,Шевченківський район,проспект Перемоги,,66и,66,,,и,,,,,
,,Харків,Шевченківський район,Людвіга Свободи проспект,,42а,42,,,а,,,,,
,,Харків,Шевченківський район,Архітекторів вулиця,,26,26,,,,,,,,
,,Харків,Шевченківський район,проспект Перемоги,,78,78,,,,,,,,
,,Харків,Шевченківський район,проспект Перемоги,,71,71,,,,,,,,
,,Харків,Шевченківський район,проспект Перемоги,,76,76,,,,,,,,
,,Харків,Шевченківський район,Людвіга Свободи проспект,,48а,48,,,а,,,,,
,,Харків,Шевченківський район,вулиця Ахсарова,,17,17,,,,,,,,
,,Харків,Шевченківський район,проспект Перемоги,,78в,78,,,в,,,,,
,,Харків,Шевченківський район,вулиця Ахсарова,,13А,13,,,А,61204,,,,
,,Харків,Шевченківський район,проспект Перемоги,,66е,66,,,е,,,,,
,,Харків,Шевченківський район,проспект Перемоги,,64а,64,,,а,,,,,
,,Харків,Шевченківський район,проспект Перемоги,,74г,74,,,г,,,,,
,,Харків,Шевченківський район,проспект Перемоги,,72б,72,,,б,,,,,
,,Харків,Шевченківський район,Архітекторів вулиця,,36а,36,,,а,,,,,
,,Харків,Шевченківський район,проспект Перемоги,,61а,61,,,а,,,,,
,,Харків,Шевченківський район,проспект Перемоги,,65а,65,,,а,,,,,
,,Харків,Шевченківський район,проспект Перемоги,,64,64,,,,,,,,
,,Харків,Шевченківський район,проспект Перемоги,,66а,66,,,а,,,,,
,,Харків,Шевченківський район,Алексеевка - Павлово Поле,,66к,66,,,к,,,,,
,,Харків,Шевченківський район,Людвіга Свободи проспект,,46,46,,,,,,,,
,,Харків,Шевченківський район,Людвіга Свободи проспект,,46б,46,,,б,,,,,
,,Харків,Шевченківський район,проспект Перемоги,,78а,78,,,а,,,,,
,,Харків,Шевченківський район,вулиця Ахсарова,,23,23,,,,,,,,
,,Харків,Шевченківський район,проспект Перемоги,,66,66,,,,,,,,
,,Харків,Шевченківський район,вулиця Ахсарова,,13В,13,,,В,61204,,,,
,,Харків,Шевченківський район,Архітекторів вулиця,,32,32,,,,,,,,
,,Харків,Шевченківський район,проспект Перемоги,,65,65,,,,,,,,
,,Харків,Шевченківський район,Людвіга Свободи проспект,,32,32,,,,,,,,
,,Харків,Шевченківський район,Людвіга Свободи проспект,,50б,50,,,б,,,,,
,,Харків,Шевченківський район,вулиця Ахсарова,,13,13,,,,,,,,
,,Харків,Шевченківський район,Людвіга Свободи проспект,,50,50,,,,,,,,
,,Харків,Шевченківський район,Людвіга Свободи проспект,,36а,36,,,а,,,,,
,,Харків,Шевченківський район,Архітекторів вулиця,,20,20,,,,,,,,
,,Харків,Шевченківський район,Людвіга Свободи проспект,,48б,48,,,б,61204,,,,
,,Харків,Шевченківський район,проспект Перемоги,,66з,66,,,з,,,,,
,,Харків,Шевченківський район,проспект Перемоги,,61б,61,,,б,,,,,
,,Харків,Шевченківський район,Людвіга Свободи проспект,,46в,46,,,в,,,,,
,,Харків,Шевченківський район,Людвіга Свободи проспект,,46а,46,,,а,,,,,
,,Харків,Шевченківський район,Людвіга Свободи проспект,,48в,48,,,в,,,,,
,,Харків,Шевченківський район,проспект Перемоги,,78б,78,,,б,,,,,
,,Харків,Шевченківський район,Людвіга Свободи проспект,,50в,50,,,в,,,,,
,,Харків,Шевченківський район,проспект Перемоги,,66в,66,,,в,61204,,,,
,,Харків,Шевченківський район,вулиця Ахсарова,,17г,17,,,г,61204,,,,
,,Харків,Шевченківський район,проспект Перемоги,,66д,66,,,д,,,,,
,,Харків,Шевченківський район,проспект Перемоги,,74б,74,,,б,,,,,
,,Харків,Шевченківський район,проспект Перемоги,,72,72,,,,,,,,
,,Харків,Шевченківський район,Людвіга Свободи проспект,,51,51,,,,,,,,
,,Харків,Шевченківський район,проспект Перемоги,,57в,57,,,в,,,,,
,,Харків,Шевченківський район,Людвіга Свободи проспект,,37,37,,,,,,,,
,,Харків,Шевченківський район,вулиця Мирослава Мисли,Цілиноградська вулиця,58,58,,,,,,,,
,,Харків,Шевченківський район,Лозовеньківський проспект,,6,6,,,,61174,,,,
,,Харків,Шевченківський район,вулиця Мирослава Мисли,Цілиноградська вулиця,48,48,,,,,,,,
,,Харків,Шевченківський район,Людвіга Свободи проспект,,59а,59,,,а,61201,,,,
,,Харків,Шевченківський район,вулиця Ахсарова,,3б,3,,,б,,,,,
,,Харків,Шевченківський район,Солдатська вулиця,,41,41,,,,,,,,
,,Харків,Шевченківський район,вулиця Мирослава Мисли,Цілиноградська вулиця,42а,42,,,а,,,,,
,,Харків,Шевченківський район,проспект Перемоги,,48а,48,,,а,,,,,
,,Харків,Шевченківський район,вулиця Ахсарова,,11,11,,,,,,,,
,,Харків,Шевченківський район,проспект Перемоги,,46,46,,,,,,,,
,,Харків,Шевченківський район,вулиця Мирослава Мисли,Цілиноградська вулиця,52,52,,,,,,,,
,,Харків,Шевченківський район,вулиця Мирослава Мисли,Цілиноградська вулиця,40,40,,,,,,,,
,,Харків,Шевченківський район,вулиця Ахсарова,,1б,1,,,б,,,,,
,,Харків,Шевченківський район,проспект Перемоги,,50б,50,,,б,,,,,
,,Харків,Шевченківський район,Людвіга Свободи проспект,,35в,35,,,в,61202,,,,
,,Харків,Шевченківський район,проспект Перемоги,,51,51,,,,,,,,
,,Харків,Шевченківський район,Армійська вулиця,Червоноармійська вулиця,126б,126,,,б,,,,,
,,Харків,Шевченківський район,вулиця Мирослава Мисли,Цілиноградська вулиця,28,28,,,,,,,,
,,Харків,Шевченківський район,вулиця Володимира Пасічника,вулиця Толбухіна,103,103,,,,,,,,
,,Харків,Шевченківський район,вулиця Мирослава Мисли,Цілиноградська вулиця,42,42,,,,,,,,
,,Харків,Шевченківський район,вулиця Мирослава Мисли,Цілиноградська вулиця,50б,50,,,б,,,,,
,,Харків,Шевченківський район,проспект Перемоги,,52а,52,,,а,,,,,
,,Харків,Шевченківський район,Людвіга Свободи проспект,,59б,59,,,б,61201,,,,
,,Харків,Шевченківський район,вулиця Мирослава Мисли,Цілиноградська вулиця,32,32,,,,,,,,
,,Харків,Шевченківський район,Солдатська вулиця,,33,33,,,,,,,,
,,Харків,Шевченківський район,Переможна вулиця,,23,23,,,,,,,,
,,Харків,Шевченківський район,Клочківська вулиця,,327,327,,,,,,,,
,,Харків,Шевченківський район,Переможна вулиця,,19,19,,,,21202,,,,
,,Харків,Шевченківський район,Людвіга Свободи проспект,,53а,53,,,а,,,,,
,,Харків,Шевченківський район,Клочківська вулиця,,366,366,,,,,,,,
,,Харків,Шевченківський район,вулиця Мирослава Мисли,Цілиноградська вулиця,50е,50,,,е,,,,,
,,Харків,Шевченківський район,Білогорська вулиця,,1б,1,,,б,,,,,
,,Харків,Шевченківський район,Людвіга Свободи проспект,,31,31,,,,,,,,
,,Харків,Шевченківський район,Людвіга Свободи проспект,,51а,51,,,а,,,,,
,,Харків,Шевченківський район,вулиця Ахсарова,,9,9,,,,,,,,
,,Харків,Шевченківський район,вулиця Мирослава Мисли,Цілиноградська вулиця,44,44,,,,,,,,
,,Харків,Шевченківський район,Людвіга Свободи проспект,,39б,39,,,б,,,,,
,,Харків,Шевченківський район,проспект Перемоги,,57б,57,,,б,,,,,
,,Харків,Шевченківський район,проспект Перемоги,,58,58,,,,,,,,
,,Харків,Шевченківський район,Людвіга Свободи проспект,,41,41,,,,,,,,
,,Харків,Шевченківський район,Клочківська вулиця,,258,258,,,,,,,,
,,Харків,Шевченківський район,вулиця Ахсарова,,3В,3,,,В,,,,,
,,Харків,Шевченківський район,вулиця Ахсарова,,1,1,,,,,,,,
,,Харків,Шевченківський район,вулиця Мирослава Мисли,Цілиноградська вулиця,54,54,,,,,,,,
,,Харків,Шевченківський район,Людвіга Свободи проспект,,39в,39,,,в,,,,,
,,Харків,Шевченківський район,проспект Перемоги,,54б,54,,,б,,,,,
,,Харків,Шевченківський район,Людвіга Свободи проспект,,35б,35,,,б,,,,,
,,Харків,Шевченківський район,вулиця Ахсарова,,1а,1,,,а,,,,,
,,Харків,Шевченківський район,проспект Перемоги,,54,54,,,,,,,,
,,Харків,Шевченківський район,вулиця Мирослава Мисли,Цілиноградська вулиця,30,30,,,,,,,,
,,Харків,Шевченківський район,проспект Людвіга Свободи,,35,35,,,,61202,,,,
,,Харків,Шевченківський район,Букова вулиця,Заводу Комсомолець вулиця,1а,1,,,а,,,,,
,,Харків,Шевченківський район,проспект Перемоги,,55,55,,,,,,,,
,,Харків,Шевченківський район,Людвіга Свободи проспект,,51б,51,,,б,,,,,
,,Харків,Шевченківський район,проспект Перемоги,,55Д,55,,,Д,,,,,
,,Харків,Шевченківський район,вулиця Мирослава Мисли,Цілиноградська вулиця,38,38,,,,,,,,
,,Харків,Шевченківський район,Монтажна вулиця,,12а,12,,,а,,,,,
,,Харків,Шевченківський район,Людвіга Свободи проспект,,53,53,,,,,,,,
,,Харків,Шевченківський район,Людвіга Свободи проспект,,57,57,,,,,,,,
,,Харків,Шевченківський район,проспект Перемоги,,56,56,,,,,,,,
,,Харків,Шевченківський район,вулиця Мирослава Мисли,Цілиноградська вулиця,46,46,,,,,,,,
,,Харків,Шевченківський район,Людвіга Свободи проспект,,39а,39,,,а,,,,,
,,Харків,Шевченківський район,Людвіга Свободи проспект,,33,33,,,,,,,,
,,Харків,Шевченківський район,Клочківська вулиця,,274,274,,,,,,,,
,,Харків,Шевченківський район,Котельниківська вулиця,,3,3,,,,,,,,
,,Харків,Шевченківський район,вулиця Мирослава Мисли,Цілиноградська вулиця,50а,50,,,а,,,,,
,,Харків,Шевченківський район,проспект Перемоги,,57,57,,,,,,,,
,,Харків,Шевченківський район,проспект Перемоги,,52б,52,,,б,,,,,
,,Харків,Шевченківський район,Людвіга Свободи проспект,,53б,53,,,б,,,,,
,,Харків,Шевченківський район,вулиця Ахсарова,,3г,3,,,г,,,,,
,,Харків,Шевченківський район,Клочківська вулиця,,352,352,,,,,,,,
,,Харків,Шевченківський район,проспект Перемоги,,54а,54,,,а,,,,,
,,Харків,Шевченківський район,вулиця Ахсарова,,11а,11,,,а,,,,,
,,Харків,Шевченківський район,Людвіга Свободи проспект,,35а,35,,,а,,,,,
,,Харків,Шевченківський район,Клочківська вулиця,,341а,341,,,а,,,,,
,,Харків,Шевченківський район,Букова вулиця,Заводу Комсомолець вулиця,40,40,,,,,,,,
,,Харків,Шевченківський район,Клочківська вулиця,,337а,337,,,а,,,,,
,,Харків,Шевченківський район,Клочківська вулиця,,331а,331,,,а,,,,,
,,Харків,Шевченківський район,вулиця Мирослава Мисли,Цілиноградська вулиця,56,56,,,,,,,,
,,Харків,Шевченківський район,Клочківська вулиця,,346а,346,,,а,,,,,
,,Харків,Шевченківський район,Переможна вулиця,,21,21,,,,,,,,
,,Харків,Шевченківський район,проспект Перемоги,,57г,57,,,г,,,,,
,,Харків,Шевченківський район,Штурмова вулиця,,32,32,,,,,,,,
,,Харків,Шевченківський район,вулиця Мирослава Мисли,Цілиноградська вулиця,36,36,,,,,,,,
,,Харків,Шевченківський район,вулиця Ахсарова,,1в,1,,,в,,,,,
,,Харків,Шевченківський район,проспект Перемоги,,48,48,,,,,,,,
,,Харків,Шевченківський район,Клочківська вулиця,,341,341,,,,,,,,
,,Харків,Шевченківський район,вулиця Ахсарова,,2,2,,,,,,,,
,,Харків,Шевченківський район,Білогорська вулиця,,92б,92,,,б,,,,,
,,Харків,Шевченківський район,проспект Академіка Курчатова,,1А,1,,,А,,,,,
,,Харків,Шевченківський район,Людвіга Свободи проспект,,36,36,,,,,,,,
,,Харків,Шевченківський район,проспект Перемоги,,74а,74,,,а,,,,,
,,Харків,Шевченківський район,Людвіга Свободи проспект,,48,48,,,,,,,,
,,Харків,Шевченківський район,вулиця Ахсарова,,15,15,,,,,,,,
,,Харків,Шевченківський район,проспект Перемоги,,62а,62,,,а,,,,,
,,Харків,Шевченківський район,проспект Перемоги,,74в,74,,,в,,,,,
,,Харків,Шевченківський район,Людвіга Свободи проспект,,42,42,,,,,,,,
,,Харків,Шевченківський район,вулиця Ахсарова,,19,19,,,,,,,,
,,Харків,Шевченківський район,проспект Перемоги,,62в,62,,,в,,,,,
,,Харків,Шевченківський район,проспект Перемоги,,74,74,,,,,,,,
,,Харків,Шевченківський район,вулиця Отакара Яроша,,25а,25,,,а,,,,,
,,Харків,Шевченківський район,проспект Науки,Леніна проспект,54,54,,,,,,,,
,,Харків,Шевченківський район,вулиця Олександра Олеся,вулиця Сергія Єсеніна,8,8,,,,,,,,
,,Харків,Шевченківський район,Університетська вулиця,,5,5,,,,,,,,
,,Харків,Шевченківський район,проспект Науки,Леніна проспект,46/25,46,25,,,,,,,
,,Харків,Шевченківський район,проспект Науки,Леніна проспект,50,50,,,,,,,,
,,Харків,Шевченківський район,вулиця Олександра Олеся,вулиця Сергія Єсеніна,8б,8,,,б,61072,,,,
,,Харків,Шевченківський район,Космічна вулиця,,17а,17,,,а,,,,,
,,Харків,Шевченківський район,вулиця Олександра Олеся,вулиця Сергія Єсеніна,8а,8,,,а,,,,,
,,Харків,Шевченківський район,вулиця Трінклера,,2,2,,,,,,,,
,,Харків,Шевченківський район,вулиця 23 Серпня,,33а,33,,,а,61000,,,,
,,Харків,Шевченківський район,вулиця Бориса Чичибабіна,,11,11,,,,61058,,,,
,,Харків,Шевченківський район,вулиця Вартових Неба,,46,46,,,,61072,,,,
,,Харків,Шевченківський район,вулиця Вартових Неба,,46а,46,,,а,61072,,,,
,,Харків,Шевченківський район,Сумська вулиця,Карла Лібкнехта,25,25,,,,61000,,,,
,,Харків,Шевченківський район,Університетська вулиця,,4,4,,,,,,,,
,,Харків,Шевченківський район,Університетська вулиця,,8,8,,,,,,,,
,,Харків,Шевченківський район,Університетська вулиця,,8/10,8,10,,,,,,,
,,Харків,Шевченківський район,проспект Науки,Леніна проспект,29,29,,,,,,,,
,,Харків,Шевченківський район,Клочківська вулиця,,9а,9,,,а,,,,,
,,Харків,Шевченківський район,вулиця Вартових Неба,,47,47,,,,,,,,
,,Харків,Шевченківський район,проспект Науки,Леніна проспект,29а,29,,,а,,,,,
,,Харків,Шевченківський район,вулиця Отакара Яроша,,15,15,,,,,,,,
,,Харків,Шевченківський район,вулиця Шекспіра,,14,14,,,,,,,,
,,Харків,Шевченківський район,вулиця Отакара Яроша,,21а,21,,,а,,,,,
,,Харків,Шевченківський район,вулиця Шекспіра,,16,16,,,,,,,,
,,Харків,Шевченківський район,вулиця Отакара Яроша,,19А,19,,,А,,,,,
,,Харків,Шевченківський район,вулиця Шекспіра,,12,12,,,,,,,,
,,Харків,Шевченківський район,вулиця Отакара Яроша,,23а,23,,,а,,,,,
,,Харків,Шевченківський район,проспект Науки,Леніна проспект,31б,31,,,б,,,,,
,,Харків,Шевченківський район,вулиця Шекспіра,,12а,12,,,а,,,,,
,,Харків,Шевченківський район,проспект Науки,Леніна проспект,31а,31,,,а,,,,,
,,Харків,Шевченківський район,вулиця Вартових Неба,,45а,45,,,а,,,,,
,,Харків,Шевченківський район,вулиця Вартових Неба,,45,45,,,,,,,,
,,Харків,Шевченківський район,вулиця Вартових Неба,,49а,49,,,а,,,,,
,,Харків,Шевченківський район,вулиця Отакара Яроша,,17б,17,,,б,,,,,
,,Харків,Шевченківський район,вулиця Отакара Яроша,,17А,17,,,А,,,,,
,,Харків,Шевченківський район,вулиця Шекспіра,,10,10,,,,,,,,
,,Харків,Шевченківський район,вулиця Шекспіра,,6,6,,,,,,,,
,,Харків,Шевченківський район,вулиця Шекспіра,,8,8,,,,,,,,
,,Харків,Шевченківський район,проспект Науки,Леніна проспект,31в,31,,,в,,,,,
,,Харків,Шевченківський район,вулиця Вартових Неба,,43а,43,,,а,,,,,
,,Харків,Шевченківський район,вулиця 23 Серпня,,40,40,,,,,,,,
,,Харків,Шевченківський район,вулиця Вартових Неба,,50,50,,,,,,,,
,,Харків,Шевченківський район,вулиця 23 Серпня,,16а,16,,,а,,,,,
,,Харків,Шевченківський район,вулиця 23 Серпня,,24,24,,,,61072,,,,
,,Харків,Шевченківський район,вулиця Олександра Олеся,вулиця Сергія Єсеніна,21,21,,,,,,,,
,,Харків,Шевченківський район,вулиця 23 Серпня,,60а,60,,,а,,,,,
,,Харків,Шевченківський район,вулиця 23 Серпня,,66,66,,,,,,,,
,,Харків,Шевченківський район,вулиця 23 Серпня,,58,58,,,,,,,,
,,Харків,Шевченківський район,вулиця Олександра Олеся,вулиця Сергія Єсеніна,9,9,,,,,,,,
,,Харків,Шевченківський район,вулиця 23 Серпня,,36а,36,,,а,,,,,
,,Харків,Шевченківський район,вулиця Отакара Яроша,,27а,27,,,а,,,,,
,,Харків,Шевченківський район,вулиця Вартових Неба,,46в,46,,,в,,,,,
,,Харків,Шевченківський район,вулиця Отакара Яроша,,51,51,,,,,,,,
,,Харків,Шевченківський район,вулиця 23 Серпня,,58а,58,,,а,,,,,
,,Харків,Шевченківський район,вулиця Шекспіра,,26,26,,,,,,,,
,,Харків,Шевченківський район,проспект Науки,Леніна проспект,50а,50,,,а,,,,,
,,Харків,Шевченківський район,вулиця 23 Серпня,,22,22,,,,,,,,
,,Харків,Шевченківський район,вулиця Вартових Неба,,38,38,,,,,,,,
,,Харків,Шевченківський район,вулиця Олександра Олеся,вулиця Сергія Єсеніна,7,7,,,,,,,,
,,Харків,Шевченківський район,вулиця 23 Серпня,,38,38,,,,,,,,
,,Харків,Шевченківський район,вулиця Вартових Неба,,52,52,,,,,,,,
,,Харків,Шевченківський район,проспект Науки,Леніна проспект,41а,41,,,а,,,,,
,,Харків,Шевченківський район,вулиця Олександра Олеся,вулиця Сергія Єсеніна,13,13,,,,,,,,
,,Харків,Шевченківський район,вулиця Отакара Яроша,,53,53,,,,,,,,
,,Харків,Шевченківський район,вулиця Отакара Яроша,,45,45,,,,,,,,
,,Харків,Шевченківський район,вулиця Вартових Неба,,59а,59,,,а,,,,,
,,Харків,Шевченківський район,вулиця Олександра Олеся,вулиця Сергія Єсеніна,11,11,,,,,,,,
,,Харків,Шевченківський район,вулиця 23 Серпня,,70,70,,,,,,,,
,,Харків,Шевченківський район,вулиця Шекспіра,,24,24,,,,,,,,
,,Харків,Шевченківський район,вулиця Олександра Олеся,вулиця Сергія Єсеніна,14,14,,,,,,,,
,,Харків,Шевченківський район,вулиця 23 Серпня,,24а,24,,,а,,,,,
,,Харків,Шевченківський район,вулиця 23 Серпня,,20,20,,,,,,,,
,,Харків,Шевченківський район,проспект Науки,Леніна проспект,41/43,41,43,,,,,,,
,,Харків,Шевченківський район,вулиця Отакара Яроша,,55,55,,,,,,,,
,,Харків,Шевченківський район,вулиця 23 Серпня,,34,34,,,,,,,,
,,Харків,Шевченківський район,вулиця Отакара Яроша,,47,47,,,,,,,,
,,Харків,Шевченківський район,вулиця Олександра Олеся,вулиця Сергія Єсеніна,16,16,,,,,,,,
,,Харків,Шевченківський район,вулиця Отакара Яроша,,49,49,,,,,,,,
,,Харків,Шевченківський район,вулиця Олександра Олеся,вулиця Сергія Єсеніна,19,19,,,,,,,,
,,Харків,Шевченківський район,проспект Науки,Леніна проспект,39а,39,,,а,,,,,
,,Харків,Шевченківський район,вулиця Олександра Олеся,вулиця Сергія Єсеніна,15,15,,,,,,,,
,,Харків,Шевченківський район,вулиця 23 Серпня,,48,48,,,,,,,,
,,Харків,Шевченківський район,вулиця 23 Серпня,,18,18,,,,,,,,
,,Харків,Шевченківський район,проспект Науки,Леніна проспект,48а,48,,,а,,,,,
,,Харків,Шевченківський район,вулиця 23 Серпня,,18а,18,,,а,,,,,
,,Харків,Шевченківський район,проспект Науки,Леніна проспект,52а,52,,,а,,,,,
,,Харків,Шевченківський район,вулиця Олександра Олеся,вулиця Сергія Єсеніна,17,17,,,,,,,,
,,Харків,Шевченківський район,вулиця Олександра Олеся,вулиця Сергія Єсеніна,18,18,,,,,,,,
,,Харків,Шевченківський район,вулиця 23 Серпня,,26а,26,,,а,,,,,
,,Харків,Шевченківський район,вулиця Отакара Яроша,,33,33,,,,,,,,
,,Харків,Шевченківський район,вулиця 23 Серпня,,46,46,,,,,,,,
,,Харків,Шевченківський район,вулиця 23 Серпня,,60,60,,,,,,,,
,,Харків,Шевченківський район,вулиця Олександра Олеся,вулиця Сергія Єсеніна,3,3,,,,,,,,
,,Харків,Шевченківський район,вулиця 23 Серпня,,44,44,,,,,,,,
,,Харків,Шевченківський район,вулиця 23 Серпня,,36,36,,,,,,,,
,,Харків,Шевченківський район,вулиця Олександра Олеся,вулиця Сергія Єсеніна,12,12,,,,,,,,
,,Харків,Шевченківський район,вулиця Вартових Неба,,38а,38,,,а,,,,,
,,Харків,Шевченківський район,вулиця 23 Серпня,,68,68,,,,,,,,
,,Харків,Шевченківський район,вулиця 23 Серпня,,32/20,32,20,,,,,,,
,,Харків,Шевченківський район,вулиця 23 Серпня,,42,42,,,,,,,,
,,Харків,Шевченківський район,вулиця 23 Серпня,,16,16,,,,,,,,
,,Харків,Шевченківський район,проспект Науки,Леніна проспект,68,68,,,,,,,,
,,Харків,Шевченківський район,вулиця Дерев’янка,,14,14,,,,,,,,
,,Харків,Шевченківський район,вулиця Дерев’янка,,12,12,,,,,,,,
,,Харків,Шевченківський район,вулиця 23 Серпня,,55б,55,,,б,,,,,
,,Харків,Шевченківський район,проспект Науки,Леніна проспект,84,84,,,,,,,,
,,Харків,Шевченківський район,Космонавтів вулиця,,3,3,,,,,,,,
,,Харків,Шевченківський район,вулиця Дерев’янка,,20а,20,,,а,,,,,
,,Харків,Шевченківський район,Дерев'янка вулиця,,14а,14,,,а,61103,,,,
,,Харків,Шевченківський район,проспект Науки,Леніна проспект,66а,66,,,а,,,,,
,,Харків,Шевченківський район,проспект Науки,Леніна проспект,68б,68,,,б,61103,,,,
,,Харків,Шевченківський район,проспект Науки,Леніна проспект,78,78,,,,,,,,
,,Харків,Шевченківський район,вулиця 23 Серпня,,55а,55,,,а,,,,,
,,Харків,Шевченківський район,Космонавтів вулиця,,5б,5,,,б,,,,,
,,Харків,Шевченківський район,вулиця Дерев’янка,,4,4,,,,,,,,
,,Харків,Шевченківський район,проспект Науки,Леніна проспект,66,66,,,,,,,,
,,Харків,Шевченківський район,проспект Науки,Леніна проспект,92/2,92,2,,,,,,,
,,Харків,Шевченківський район,вулиця 23 Серпня,,59,59,,,,,,,,
,,Харків,Шевченківський район,Космонавтів вулиця,,3а,3,,,а,,,,,
,,Харків,Шевченківський район,проспект Науки,Леніна проспект,64а,64,,,а,,,,,
,,Харків,Шевченківський район,вулиця Дерев’янка,,20,20,,,,,,,,
,,Харків,Шевченківський район,вулиця Дерев’янка,,22а,22,,,а,,,,,
,,Харків,Шевченківський район,вулиця Дерев’янка,,16,16,,,,,,,,
,,Харків,Шевченківський район,вулиця Дерев’янка,,4а,4,,,а,,,,,
,,Харків,Шевченківський район,проспект Науки,Леніна проспект,64б,64,,,б,,,,,
,,Харків,Шевченківський район,вулиця 23 Серпня,,53а,53,,,а,,,,,
,,Харків,Шевченківський район,вулиця 23 Серпня,,43,43,,,,,,,,
,,Харків,Шевченківський район,Космонавтів вулиця,,7а,7,,,а,,,,,
,,Харків,Шевченківський район,проспект Науки,Леніна проспект,70,70,,,,,,,,
,,Харків,Шевченківський район,вулиця Дерев’янка,,16б,16,,,б,,,,,
,,Харків,Шевченківський район,вулиця 23 Серпня,,39,39,,,,,,,,
,,Харків,Шевченківський район,вулиця Дерев’янка,,10,10,,,,,,,,
,,Харків,Шевченківський район,проспект Науки,Леніна проспект,86,86,,,,,,,,
,,Харків,Шевченківський район,вулиця Дерев’янка,,22,22,,,,,,,,
,,Харків,Шевченківський район,вулиця Дерев’янка,,18,18,,,,,,,,
,,Харків,Шевченківський район,вулиця 23 Серпня,,49а,49,,,а,,,,,
,,Харків,Шевченківський район,вулиця 23 Серпня,,51б,51,,,б,,,,,
,,Харків,Шевченківський район,проспект Науки,Леніна проспект,76,76,,,,,,,,
,,Харків,Шевченківський район,вулиця 23 Серпня,,51а,51,,,а,,,,,
,,Харків,Шевченківський район,вулиця 23 Серпня,,49в,49,,,в,,,,,
,,Харків,Шевченківський район,вулиця Дерев’янка,,20б,20,,,б,,,,,
,,Харків,Шевченківський район,проспект Науки,Леніна проспект,82,82,,,,,,,,
,,Харків,Шевченківський район,вулиця 23 Серпня,,43а,43,,,а,,,,,
,,Харків,Шевченківський район,вулиця 23 Серпня,,43б,43,,,б,,,,,
,,Харків,Шевченківський район,проспект Науки,Леніна проспект,74,74,,,,,,,,
,,Харків,Шевченківський район,Космонавтів вулиця,,7,7,,,,61103,,,,
,,Харків,Шевченківський район,вулиця 23 Серпня,,49б,49,,,б,,,,,
,,Харків,Шевченківський район,вулиця 23 Серпня,,47,47,,,,,,,,
,,Харків,Шевченківський район,вулиця Дерев’янка,,24,24,,,,,,,,
,,Харків,Шевченківський район,проспект Науки,Леніна проспект,80,80,,,,,,,,
,,Харків,Шевченківський район,вулиця Дерев’янка,,24а,24,,,а,,,,,
,,Харків,Шевченківський район,проспект Науки,Леніна проспект,72,72,,,,,,,,
,,Харків,Шевченківський район,проспект Науки,Леніна проспект,9а,9,,,а,,,,,
,,Харків,Шевченківський район,Інженерний провулок,,3,3,,,,,,,,
,,Харків,Шевченківський район,вулиця Старицького,,15,15,,,,,,,,
,,Харків,Шевченківський район,вулиця 23 Серпня,,73,73,,,,,,,,
,,Харків,Шевченківський район,вулиця Дерев’янка,,42,42,,,,,,,,
,,Харків,Шевченківський район,вулиця 23 Серпня,,67,67,,,,,,,,
,,Харків,Шевченківський район,провулок 23 Серпня,,5,5,,,,,,,,
,,Харків,Шевченківський район,Сумгаїтська вулиця,,5,5,,,,,,,,
,,Харків,Шевченківський район,Сумгаїтська вулиця,,2,2,,,,,,,,
,,Харків,Шевченківський район,Сумгаїтська вулиця,,4,4,,,,,,,,
,,Харків,Шевченківський район,вулиця Дерев’янка,,40,40,,,,,,,,
,,Харків,Шевченківський район,вулиця Дерев’янка,,36,36,,,,,,,,
,,Харків,Шевченківський район,вулиця Дерев’янка,,38,38,,,,,,,,
,,Харків,Шевченківський район,вулиця 23 Серпня,,79,79,,,,,,,,
,,Харків,Шевченківський район,вулиця 23 Серпня,,65,65,,,,,,,,
,,Харків,Шевченківський район,вулиця 23 Серпня,,63,63,,,,,,,,
,,Харків,Шевченківський район,провулок 23 Серпня,,2,2,,,,,,,,
,,Харків,Шевченківський район,вулиця Старицького,,9,9,,,,,,,,
,,Харків,Шевченківський район,провулок 23 Серпня,,3,3,,,,,,,,
,,Харків,Шевченківський район,вулиця Станіслава Партали,Балакірєва вулиця,46,46,,,,,,,,
,,Харків,Шевченківський район,провулок 23 Серпня,,6,6,,,,,,,,
,,Харків,Шевченківський район,вулиця 23 Серпня,,81,81,,,,,,,,
,,Харків,Шевченківський район,провулок 23 Серпня,,4,4,,,,,,,,
,,Харків,Шевченківський район,Космонавтів вулиця,,6,6,,,,,,,,
,,Харків,Шевченківський район,вулиця 23 Серпня,,75,75,,,,,,,,
,,Харків,Шевченківський район,провулок 23 Серпня,,8,8,,,,,,,,
,,Харків,Шевченківський район,Сумгаїтська вулиця,,1,1,,,,61103,,,,
,,Харків,Шевченківський район,Космонавтів вулиця,,2,2,,,,,,,,
,,Харків,Шевченківський район,вулиця Отакара Яроша,,59,59,,,,,,,,
,,Харків,Шевченківський район,Космонавтів вулиця,,4,4,,,,,,,,
,,Харків,Шевченківський район,провулок 23 Серпня,,7,7,,,,,,,,
,,Харків,Шевченківський район,Сумгаїтська вулиця,,7,7,,,,,,,,
,,Харків,Шевченківський район,Новопрудна вулиця,,9а,9,,,а,,,,,
,,Харків,Шевченківський район,Сумгаїтська вулиця,,5а,5,,,а,,,,,
,,Харків,Шевченківський район,вулиця Старицького,,13,13,,,,,,,,
,,Харків,Шевченківський район,вулиця Станіслава Партали,Балакірєва вулиця,50а,50,,,а,,,,,
,,Харків,Шевченківський район,вулиця Станіслава Партали,Балакірєва вулиця,50,50,,,,,,,,
,,Харків,Шевченківський район,провулок Отакара Яроша,,8а,8,,,а,,,,,
,,Харків,Шевченківський район,провулок Отакара Яроша,,16г,16,,,г,,,,,
,,Харків,Шевченківський район,провулок Отакара Яроша,,4,4,,,,,,,,
,,Харків,Шевченківський район,Отакара Яроша провулок,,3а,3,,,а,,,,,
,,Харків,Шевченківський район,провулок Отакара Яроша,,6,6,,,,,,,,
,,Харків,Шевченківський район,провулок Отакара Яроша,,8,8,,,,,,,,
,,Харків,Шевченківський район,провулок Отакара Яроша,,10,10,,,,,,,,
,,Харків,Шевченківський район,провулок Отакара Яроша,,12,12,,,,,,,,
,,Харків,Шевченківський район,вулиця Отакара Яроша,,5,5,,,,,,,,
,,Харків,Шевченківський район,вулиця Отакара Яроша,,9,9,,,,,,,,
,,Харків,Шевченківський район,провулок Отакара Яроша,,6б,6,,,б,,,,,
,,Харків,Шевченківський район,провулок Отакара Яроша,,11,11,,,,,,,,
,,Харків,Шевченківський район,вулиця Вартових Неба,,31а,31,,,а,,,,,
,,Харків,Шевченківський район,вулиця Отакара Яроша,,11а,11,,,а,,,,,
,,Харків,Шевченківський район,Клочківська вулиця,,202,202,,,,,,,,
,,Харків,Шевченківський район,Клочківська вулиця,,224,224,,,,61045,,,,
,,Харків,Шевченківський район,вулиця Отакара Яроша,,10,10,,,,,,,,
,,Харків,Шевченківський район,вулиця Вартових Неба,,41а,41,,,а,,,,,
,,Харків,Шевченківський район,вулиця Вартових Неба,,39,39,,,,,,,,
,,Харків,Шевченківський район,вулиця Отакара Яроша,,12,12,,,,,,,,
,,Харків,Шевченківський район,вулиця Вартових Неба,,37,37,,,,,,,,
,,Харків,Шевченківський район,вулиця Вартових Неба,,35,35,,,,,,,,
,,Харків,Шевченківський район,вулиця Вартових Неба,,33,33,,,,,,,,
,,Харків,Шевченківський район,вулиця Вартових Неба,,29,29,,,,,,,,
,,Харків,Шевченківський район,вулиця Отакара Яроша,,16а,16,,,а,61045,,,,
,,Харків,Шевченківський район,вулиця Вартових Неба,,27,27,,,,,,,,
,,Харків,Шевченківський район,Отакара Яроша провулок,,5,5,,,,,,,,
,,Харків,Шевченківський район,провулок Отакара Яроша,,7,7,,,,,,,,
,,Харків,Шевченківський район,Клочківська вулиця,,218а,218,,,а,,,,,
,,Харків,Шевченківський район,провулок Отакара Яроша,,9,9,,,,,,,,
,,Харків,Шевченківський район,Клочківська вулиця,,218,218,,,,,,,,
,,Харків,Шевченківський район,вулиця Отакара Яроша,,16,16,,,,,,,,
,,Харків,Шевченківський район,вулиця Отакара Яроша,,11,11,,,,,,,,
,,Харків,Шевченківський район,проспект Науки,Леніна проспект,53,53,,,,,,,,
,,Харків,Шевченківський район,проспект Науки,Леніна проспект,59,59,,,,,,,,
,,Харків,Шевченківський район,проспект Науки,Леніна проспект,57,57,,,,,,,,
,,Харків,Шевченківський район,проспект Науки,Леніна проспект,47,47,,,,,,,,
,,Харків,Шевченківський район,проспект Науки,Леніна проспект,69,69,,,,,,,,
,,Харків,Шевченківський район,проспект Науки,Леніна проспект,67,67,,,,61000,,,,
,,Харків,Шевченківський район,проспект Науки,Леніна проспект,61,61,,,,,,,,
,,Харків,Шевченківський район,проспект Науки,Леніна проспект,71,71,,,,,,,,
,,Харків,Шевченківський район,проспект Науки,Леніна проспект,63,63,,,,,,,,
,,Харків,Шевченківський район,проспект Науки,Леніна проспект,55,55,,,,,,,,
,,Харків,Шевченківський район,вулиця 23 Серпня,,6,6,,,,62045,,,,
,,Харків,Шевченківський район,Клочківська вулиця,,199,199,,,,,,,,
,,Харків,Шевченківський район,Клочківська вулиця,,197б,197,,,б,61145,,,,
,,Харків,Шевченківський район,вулиця Данилевського,,17,17,,,,,,,,
,,Харків,Шевченківський район,проспект Незалежності,Правди проспект,10,10,,,,61058,,,,
,,Харків,Шевченківський район,вулиця Данилевського,,19,19,,,,,,,,
,,Харків,Шевченківський район,Трінклера вулиця,,6,6,,,,,,,,
,,Харків,Шевченківський район,Павлівський майдан,Рози Люксембург майдан,1/3,1,3,,,,,,,
,,Харків,Шевченківський район,Сумська вулиця,Карла Лібкнехта,37б,37,,,б,,,,,
,,Харків,Шевченківський район,провулок Кравцова,,6,6,,,,,,,,
,,Харків,Шевченківський район,Римарська вулиця,,23,23,,,,,,,,
,,Харків,Шевченківський район,Європейська вулиця,Новгородська вулиця,46,46,,,,,,,,
,,Харків,Шевченківський район,вулиця Євгенія Єніна,вулиця Бакуліна,1,1,,,,61145,,,,
,,Харків,Шевченківський район,Європейська вулиця,Новгородська вулиця,18,18,,,,,,,,
,,Харків,Шевченківський район,вулиця 23 Серпня,,11а,11,,,а,,,,,
,,Харків,Шевченківський район,вулиця 23 Серпня,,23а,23,,,а,,,,,
,,Харків,Шевченківський район,вулиця 23 Серпня,,13,13,,,,61045,,,,
,,Харків,Шевченківський район,вулиця Шекспіра,,7,7,,,,,,,,
,,Харків,Шевченківський район,Шекспіра провулок,,5,5,,,,,,,,
,,Харків,Шевченківський район,Клочківська вулиця,,197г,197,,,г,,,,,
,,Харків,Шевченківський район,Європейська вулиця,Новгородська вулиця,6,6,,,,,,,,
,,Харків,Шевченківський район,Шекспіра провулок,,3,3,,,,,,,,
,,Харків,Шевченківський район,вулиця Шекспіра,,13,13,,,,,,,,
,,Харків,Шевченківський район,Орський провулок,,21,21,,,,,,,,
,,Харків,Шевченківський район,вулиця 23 Серпня,,2,2,,,,,,,,
,,Харків,Шевченківський район,Європейська вулиця,Новгородська вулиця,4,4,,,,61145,,,,
,,Харків,Шевченківський район,вулиця Шекспіра,,15,15,,,,,,,,
,,Харків,Шевченківський район,вулиця Шекспіра,,11,11,,,,,,,,
,,Харків,Шевченківський район,вулиця 23 Серпня,,29а,29,,,а,,,,,
,,Харків,Шевченківський район,вулиця Семена Кузнеця,Ревкомівська вулиця,64,64,,,,,,,,
,,Харків,Шевченківський район,Європейська вулиця,Новгородська вулиця,4а,4,,,а,,,,,
,,Харків,Шевченківський район,вулиця Шекспіра,,9,9,,,,,,,,
,,Харків,Шевченківський район,вулиця 23 Серпня,,31а,31,,,а,,,,,
,,Харків,Шевченківський район,вулиця 23 Серпня,,13а,13,,,а,,,,,
,,Харків,Шевченківський район,Клочківська вулиця,,197в,197,,,в,,,,,
,,Харків,Шевченківський район,вулиця 23 Серпня,,31,31,,,,,,,,
,,Харків,Шевченківський район,вулиця Данилевського,,32а,32,,,а,,,,,
,,Харків,Шевченківський район,проспект Незалежності,Правди проспект,7 (п24-п26),7 (п24-п26),,,,,,,,
,,Харків,Шевченківський район,вулиця Данилевського,,27,27,,,,,,,,
,,Харків,Шевченківський район,проспект Науки,Леніна проспект,5,5,,,,,,,,
,,Харків,Шевченківський район,Культури вулиця,,9,9,,,,,,,,
,,Харків,Шевченківський район,проспект Незалежності,Правди проспект,7 (п14-п23),7 (п14-п23),,,,,,,,
,,Харків,Шевченківський район,Ромена Роллана вулиця,,12,12,,,,,,,,
,,Харків,Шевченківський район,проспект Незалежності,Правди проспект,7 (п10-п13),7 (п10-п13),,,,,,,,
,,Харків,Шевченківський район,проспект Незалежності,Правди проспект,7 (п1-п9),7 (п1-п9),,,,,,,,
,,Харків,Шевченківський район,вулиця Бориса Чичибабіна,,7а,7,,,а,,,,,
,,Харків,Шевченківський район,Ромен Роллана вулиця,,15а,15,,,а,,,,,
,,Харків,Шевченківський район,вулиця Культури,,11,11,,,,,,,,
,,Харків,Шевченківський район,вулиця Культури,,23,23,,,,,,,,
,,Харків,Шевченківський район,вулиця 23 Серпня,,55,55,,,,,,,,
,,Харків,Шевченківський район,вулиця Данилевського,,26,26,,,,,,,,
,,Харків,Шевченківський район,проспект Науки,Леніна проспект,18/9,18,9,,,,,,,
,,Харків,Шевченківський район,вулиця Спецпідрозділу Кракен,Серпова вулиця,5,5,,,,,,,,
,,Харків,Шевченківський район,вулиця Євгенія Єніна,вулиця Бакуліна,6,6,,,,,,,,
,,Харків,Шевченківський район,вулиця Євгенія Єніна,вулиця Бакуліна,18,18,,,,,,,,
,,Харків,Шевченківський район,проспект Науки,Леніна проспект,12 (п7-п17),12 (п7-п17),,,,,,,,
,,Харків,Шевченківський район,вулиця Євгенія Єніна,вулиця Бакуліна,10,10,,,,,,,,
,,Харків,Шевченківський район,Шатилівська вулиця,Леніна вулиця,5,5,,,,,,,,
,,Харків,Шевченківський район,Шатилівська вулиця,Леніна вулиця,3,3,,,,,,,,
,,Харків,Шевченківський район,вулиця Культури,,22,22,,,,61166,,,,
,,Харків,Шевченківський район,Шатилівська вулиця,Леніна вулиця,1,1,,,,,,,,
,,Харків,Шевченківський район,Кримська вулиця,,6а,6,,,а,,,,,
,,Харків,Шевченківський район,Самокиша провулок,,3,3,,,,,,,,
,,Харків,Шевченківський район,вулиця Культури,,15,15,,,,,,,,
,,Харків,Шевченківський район,вулиця Культури,,26,26,,,,,,,,
,,Харків,Шевченківський район,проспект Науки,Леніна проспект,21а,21,,,а,,,,,
,,Харків,Шевченківський район,Європейська вулиця,Новгородська вулиця,2,2,,,,,,,,
,,Харків,Шевченківський район,Європейська вулиця,Новгородська вулиця,6а,6,,,а,,,,,
,,Харків,Шевченківський район,Європейська вулиця,Новгородська вулиця,16,16,,,,,,,,
,,Харків,Шевченківський район,Клочківська вулиця,,186б,186,,,б,,,,,
,,Харків,Шевченківський район,вулиця Культури,,20,20,,,,,,,,
,,Харків,Шевченківський район,вулиця Культури,,12,12,,,,,,,,
,,Харків,Шевченківський район,Європейська вулиця,Новгородська вулиця,1,1,,,,61145,,,,
,,Харків,Шевченківський район,Космічна вулиця,,23,23,,,,61145,,,,
,,Харків,Шевченківський район,вулиця Культури,,10а,10,,,а,,,,,
,,Харків,Шевченківський район,вулиця Данилевського,,14,14,,,,,,,,
,,Харків,Шевченківський район,вулиця Данилевського,,12,12,,,,,,,,
,,Харків,Шевченківський район,вулиця Культури,,28,28,,,,,,,,
,,Харків,Шевченківський район,Космічна вулиця,,16,16,,,,61145,,,,
,,Харків,Шевченківський район,Інженерний провулок,,7,7,,,,,,,,
,,Харків,Шевченківський район,Інженерний провулок,,4,4,,,,,,,,
,,Харків,Шевченківський район,проспект Незалежності,Правди проспект,2,2,,,,,,,,
,,Харків,Шевченківський район,Космічна вулиця,,12а,12,,,а,61145,,,,
,,Харків,Шевченківський район,Космічна вулиця,,23А/2,23А/2,,,,61145,,,,
,,Харків,Шевченківський район,Фанінський провулок,,4,4,,,,,,,,
,,Харків,Шевченківський район,Кримська вулиця,,8,8,,,,,,,,
,,Харків,Шевченківський район,Культури вулиця,,20в,20,,,в,,,,,
,,Харків,Шевченківський район,вулиця Культури,,16а,16,,,а,,,,,
,,Харків,Шевченківський район,вулиця Культури,,10,10,,,,,,,,
,,Харків,Шевченківський район,Динамівська вулиця,,4,4,,,,,,,,
,,Харків,Шевченківський район,Динамівська вулиця,,2,2,,,,,,,,
,,Харків,Шевченківський район,вулиця Квітки-Основ’яненка,,9,9,,,,,,,,
,,Харків,Шевченківський район,Клочківська вулиця,,104а,104,,,а,,,,,
,,Харків,Шевченківський район,вулиця Бориса Чичибабіна,,2,2,,,,,,,,
,,Харків,Шевченківський район,проспект Незалежності,Правди проспект,1,1,,,,,,,,
,,Харків,Шевченківський район,вулиця Данилевського,,39,39,,,,,,,,
,,Харків,Шевченківський район,Клочківська вулиця,,191,191,,,,,,,,
,,Харків,Шевченківський район,Клочківська вулиця,,188,188,,,,,,,,
,,Харків,Шевченківський район,Клочківська вулиця,,171,171,,,,,,,,
,,Харків,Шевченківський район,вулиця Культури,,3,3,,,,,,,,
,,Харків,Шевченківський район,вулиця Трінклера,,14,14,,,,,,,,
,,Харків,Шевченківський район,вулиця Данилевського,,6,6,,,,,,,,
,,Харків,Шевченківський район,вулиця Данилевського,,20,20,,,,,,,,
,,Харків,Шевченківський район,вулиця Данилевського,,24,24,,,,,,,,
,,Харків,Шевченківський район,вулиця Культури,,18,18,,,,,,,,
,,Харків,Шевченківський район,Клочківська вулиця,,195г,195,,,г,,,,,
,,Харків,Шевченківський район,Клочківська вулиця,,195д,195,,,д,,,,,
,,Харків,Шевченківський район,Клочківська вулиця,,193б,193,,,б,,,,,
,,Харків,Шевченківський район,Клочківська вулиця,,193а,193,,,а,,,,,
,,Харків,Шевченківський район,Клочківська вулиця,,195в,195,,,в,,,,,
,,Харків,Шевченківський район,Клочківська вулиця,,197а,197,,,а,,,,,
,,Харків,Шевченківський район,Клочківська вулиця,,199в,199,,,в,,,,,
,,Харків,Шевченківський район,Клочківська вулиця,,201а,201,,,а,,,,,
,,Харків,Шевченківський район,Клочківська вулиця,,199г,199,,,г,,,,,
,,Харків,Шевченківський район,Клочківська вулиця,,201,201,,,,,,,,
,,Харків,Шевченківський район,Клочківська вулиця,,119а,119,,,а,,,,,
,,Харків,Шевченківський район,вулиця Данилевського,,10,10,,,,,,,,
,,Харків,Шевченківський район,проспект Науки,Леніна проспект,56,56,,,,,,,,
,,Харків,Шевченківський район,Космічна вулиця,,24а,24,,,а,,,,,
,,Харків,Шевченківський район,вулиця 23 Серпня,,26,26,,,,61072,,,,
,,Харків,Шевченківський район,проспект Науки,Леніна проспект,8,8,,,,,,,,
,,Харків,Шевченківський район,проспект Науки,Леніна проспект,10,10,,,,,,,,
,,Харків,Шевченківський район,Лікарський в'їзд,в'їзд Балакірєва,1,1,,,,,,,,
,,Харків,Шевченківський район,Фанінський провулок,,3,3,,,,,,,,
,,Харків,Шевченківський район,Коломенська вулиця,,63,63,,,,,,,,
,,Харків,Шевченківський район,вулиця Трінклера,,28,28,,,,,,,,
,,Харків,Шевченківський район,вулиця Данилевського,,42,42,,,,,,,,
,,Харків,Шевченківський район,вулиця Данилевського,,36,36,,,,61058,,,,
,,Харків,Шевченківський район,Клочківська вулиця,,43/47,43,47,,,61000,,,,
,,Харків,Шевченківський район,вулиця Данилевського,,40,40,,,,,,,,
,,Харків,Шевченківський район,Клочківська вулиця,,101а,101,,,а,,,,,
,,Харків,Шевченківський район,Клочківська вулиця,,101б,101,,,б,,,,,
,,Харків,Шевченківський район,вулиця Данилевського,,38а,38,,,а,,,,,
,,Харків,Шевченківський район,вулиця Данилевського,,38,38,,,,,,,,
,,Харків,Шевченківський район,вулиця 23 Серпня,,2а,2,,,а,,,,,
,,Харків,Шевченківський район,Клочківська вулиця,,238а,238,,,а,,,,,
,,Харків,Шевченківський район,Малоджанкойська вулиця,,7а,7,,,а,,,,,
,,Харків,Шевченківський район,Клочківська вулиця,,236,236,,,,,,,,
,,Харків,Шевченківський район,вулиця 23 Серпня,,4,4,,,,,,,,
,,Харків,Шевченківський район,Клочківська вулиця,,230,230,,,,,,,,
,,Харків,Шевченківський район,Клочківська вулиця,,261а,261,,,а,,,,,
,,Харків,Шевченківський район,Клочківська вулиця,,261,261,,,,,,,,
,,Харків,Шевченківський район,Клочківська вулиця,,234,234,,,,,,,,
,,Харків,Шевченківський район,провулок Отакара Яроша,,18,18,,,,,,,,
,,Харків,Шевченківський район,провулок Отакара Яроша,,18г,18,,,г,,,,,
,,Харків,Шевченківський район,Клочківська вулиця,,192а,192,,,а,,,,,
,,Харків,Шевченківський район,проспект Людвіга Свободи,,31,31,,,,,,,,
,,Харків,Шевченківський район,Бурсацький узвіз,,7/14,7,14,,,,,,,
,,Харків,Шевченківський район,вулиця Отакара Яроша,,22,22,,,,,,,,
,,Харків,Шевченківський район,провулок Отакара Яроша,,16б,16,,,б,,,,,
,,Харків,Шевченківський район,проспект Перемоги,,75,75,,,,,,,,
,,Харків,Шевченківський район,Космічна вулиця,,232,232,,,,61145,,,,
,,Харків,Шевченківський район,Космічна вулиця,,21,21,,,,61145,,,,
,,Харків,Шевченківський район,Балакірєва в’їзд,,3,3,,,,,,,,
,,Харків,Шевченківський район,вулиця Станіслава Партали,Балакірєва вулиця,20,20,,,,,,,,
,,Харків,Шевченківський район,вулиця Дерев’янка,,7а,7,,,а,,,,,
,,Харків,Шевченківський район,вулиця Дерев’янка,,11,11,,,,,,,,
,,Харків,Шевченківський район,вулиця Дерев’янка,,3б,3,,,б,,,,,
,,Харків,Шевченківський район,вулиця Дерев’янка,,3а,3,,,а,,,,,
,,Харків,Шевченківський район,вулиця Дерев’янка,,3В,3,,,В,,,,,
,,Харків,Шевченківський район,Університетська площа,,16,16,,,,,,,,
,,Харків,Шевченківський район,вулиця Станіслава Партали,Балакірєва вулиця,17а,17,,,а,,,,,
,,Харків,Шевченківський район,вулиця Станіслава Партали,Балакірєва вулиця,17,17,,,,,,,,
,,Харків,Шевченківський район,Європейська вулиця,Новгородська вулиця,3б,3,,,б,61145,,,,
,,Харків,Шевченківський район,Клочківський узвіз,Пасіонарії узвіз,1,1,,,,,,,,
,,Харків,Шевченківський район,Клочківська вулиця,,197,197,,,,,,,,
,,Харків,Шевченківський район,Європейська вулиця,Новгородська вулиця,22,22,,,,,,,,
,,Харків,Шевченківський район,проспект Науки,Леніна проспект,43Б,43,,,Б,61101,,,,
,,Харків,Шевченківський район,Клочківська вулиця,,244,244,,,,,,,,
,,Харків,Шевченківський район,вулиця 23 Серпня,,5,5,,,,,,,,
,,Харків,Шевченківський район,Мирна вулиця,,3а,3,,,а,,,,,
,,Харків,Шевченківський район,Мирна вулиця,,11,11,,,,,,,,
,,Харків,Шевченківський район,вулиця 23 Серпня,,67А,67,,,А,,,,,
,,Харків,Шевченківський район,Клочківська вулиця,,341д,341,,,д,,,,,
,,Харків,Шевченківський район,вулиця Отакара Яроша,,18/2,18,2,,,,,,,
,,Харків,Шевченківський район,проспект Науки,Леніна проспект,60,60,,,,,,,,
,,Харків,Шевченківський район,проспект Науки,Леніна проспект,60а,60,,,а,,,,,
,,Харків,Шевченківський район,Клочківська вулиця,,65,65,,,,,,,,
,,Харків,Шевченківський район,Римарська вулиця,,6,6,,,,,,,,
,,Харків,Шевченківський район,майдан Конституції,,11,11,,,,,,,,
,,Харків,Шевченківський район,вулиця Квітки-Основ’яненка,,3,3,,,,,,,,
,,Харків,Шевченківський район,вулиця Шекспіра,,20,20,,,,61072,,,,
,,Харків,Шевченківський район,вулиця Вартових Неба,,26,26,,,,61072,,,,
,,Харків,Шевченківський район,Двадцять Третього Серпня вулиця,,20а,20,,,а,,,,,
,,Харків,Шевченківський район,вулиця 23 Серпня,,20а,20,,,а,,,,,
,,Харків,Шевченківський район,Клочківська вулиця,,134б,134,,,б,,,,,
,,Харків,Шевченківський район,проспект Науки,Леніна проспект,10б,10,,,б,,,,,
,,Харків,Шевченківський район,вулиця Культури,,22в,22,,,в,,,,,
,,Харків,Шевченківський район,Клочківська вулиця,,109,109,,,,,,,,
,,Харків,Шевченківський район,Клочківська вулиця,,111б,111,,,б,,,,,
,,Харків,Шевченківський район,Клочківська вулиця,,191д,191,,,д,,,,,
,,Харків,Шевченківський район,Сумська вулиця,Карла Лібкнехта,85,85,,,,61023,,,,
,,Харків,Шевченківський район,Шовковична вулиця,,4,4,,,,,,,,
,,Харків,Шевченківський район,вулиця Данилевського,,19а,19,,,а,,,,,
,,Харків,Шевченківський район,провулок Отакара Яроша,,16,16,,,,,,,,
,,Харків,Шевченківський район,вулиця Отакара Яроша,,18д,18,,,д,,,,,
,,Харків,Шевченківський район,проспект Науки,Леніна проспект,27б,27,,,б,,,,,
,,Харків,Шевченківський район,вулиця Вартових Неба,,46,46,,,,,,,,
,,Харків,Шевченківський район,вулиця Отакара Яроша,,24б,24,,,б,,,,,
,,Харків,Шевченківський район,Клочківська вулиця,,101д,101,,,д,,,,,
,,Харків,Шевченківський район,Римарська вулиця,,3/5,3,5,,,,,,,
,,Харків,Шевченківський район,проспект Науки,Леніна проспект,65/5,65,5,,,61103,,,,
,,Харків,Шевченківський район,проспект Науки,Леніна проспект,65/6,65,6,,,61103,,,,
,,Харків,Шевченківський район,проспект Науки,Леніна проспект,65/10,65,10,,,61103,,,,
,,Харків,Шевченківський район,проспект Науки,Леніна проспект,65/7,65,7,,,61103,,,,
,,Харків,Шевченківський район,проспект Науки,Леніна проспект,65/8,65,8,,,61103,,,,
,,Харків,Шевченківський район,проспект Науки,Леніна проспект,65/3,65,3,,,61103,,,,
,,Харків,Шевченківський район,проспект Науки,Леніна проспект,65/9,65,9,,,61103,,,,
,,Харків,Шевченківський район,Сокільницька вулиця,,10/2,10,2,,,,,,,
,,Харків,Шевченківський район,Сокільницька вулиця,,10,10,,,,61070,,,,
,,Харків,Шевченківський район,Олексіївська вулиця,,14,14,,,,61000,,,,
,,Харків,Шевченківський район,Фронтовиків бульвар,,11,11,,,,,,,,
,,Харків,Шевченківський район,Артилерійська вулиця,,4,4,,,,,,,,
,,Харків,Шевченківський район,Фронтовиків бульвар,,30,30,,,,,,,,
,,Харків,Шевченківський район,Клочківська вулиця,,328/2,328,2,,,,,,,
,,Харків,Шевченківський район,Артилерійська вулиця,,2а,2,,,а,,,,,
,,Харків,Шевченківський район,Артилерійська вулиця,,2,2,,,,,,,,
,,Харків,Шевченківський район,Фронтовиків бульвар,,7,7,,,,,,,,
,,Харків,Шевченківський район,вулиця Мирослава Мисли,Цілиноградська вулиця,9,9,,,,,,,,
,,Харків,Шевченківський район,вулиця 23 Серпня,,15,15,,,,,,,,
,,Харків,Шевченківський район,вулиця 23 Серпня,,17,17,,,,,,,,
,,Харків,Шевченківський район,вулиця 23 Серпня,,19,19,,,,,,,,
,,Харків,Шевченківський район,вулиця 23 Серпня,,21,21,,,,,,,,
,,Харків,Шевченківський район,вулиця Доброчинців,Дербентська вулиця,84,84,,,,,,,,
,,Харків,Шевченківський район,Семена Кузнеця провулок,,1,1,,,,,,,,
,,Харків,Шевченківський район,Срібна вулиця,,1,1,,,,,,,,
,,Харків,Шевченківський район,Новомирна вулиця,,10,10,,,,,,,,
,,Харків,Шевченківський район,Аграрна вулиця,,10,10,,,,,,,,
,,Харків,Шевченківський район,Авіахімічна вулиця,,10,10,,,,,,,,
,,Харків,Шевченківський район,Срібна вулиця,,10/28,10,28,,,,,,,
,,Харків,Шевченківський район,Севастопольська вулиця,,100,100,,,,,,,,
,,Харків,Шевченківський район,Севастопольська вулиця,,101,101,,,,,,,,
,,Харків,Шевченківський район,Севастопольська вулиця,,102,102,,,,,,,,
,,Харків,Шевченківський район,Севастопольська вулиця,,103,103,,,,,,,,
,,Харків,Шевченківський район,Севастопольська вулиця,,104,104,,,,,,,,
,,Харків,Шевченківський район,Севастопольська вулиця,,105,105,,,,,,,,
,,Харків,Шевченківський район,Севастопольська вулиця,,106,106,,,,,,,,
,,Харків,Шевченківський район,Севастопольська вулиця,,108,108,,,,,,,,
,,Харків,Шевченківський район,Севастопольська вулиця,,109,109,,,,,,,,
,,Харків,Шевченківський район,Новомирна вулиця,,10а,10,,,а,,,,,
,,Харків,Шевченківський район,вулиця В'ячеслава Чорновола,Павла Лебедєва вулиця,11,11,,,,,,,,
,,Харків,Шевченківський район,вулиця Семена Кузнеця,Ревкомівська вулиця,11,11,,,,,,,,
,,Харків,Шевченківський район,Новомирна вулиця,,11,11,,,,,,,,
,,Харків,Шевченківський район,Севастопольська вулиця,,110,110,,,,,,,,
,,Харків,Шевченківський район,Севастопольська вулиця,,111,111,,,,,,,,
,,Харків,Шевченківський район,Севастопольська вулиця,,112,112,,,,,,,,
,,Харків,Шевченківський район,Севастопольська вулиця,,113,113,,,,,,,,
,,Харків,Шевченківський район,Севастопольська вулиця,,114,114,,,,,,,,
,,Харків,Шевченківський район,Севастопольська вулиця,,119,119,,,,,,,,
,,Харків,Шевченківський район,Новомирна вулиця,,12,12,,,,,,,,
,,Харків,Шевченківський район,Авіахімічна вулиця,,12,12,,,,,,,,
,,Харків,Шевченківський район,Аграрна вулиця,,12,12,,,,,,,,
,,Харків,Шевченківський район,Севастопольська вулиця,,120,120,,,,,,,,
,,Харків,Шевченківський район,Севастопольська вулиця,,120а,120,,,а,,,,,
,,Харків,Шевченківський район,Севастопольська вулиця,,121,121,,,,,,,,
,,Харків,Шевченківський район,Севастопольська вулиця,,122,122,,,,,,,,
,,Харків,Шевченківський район,Севастопольська вулиця,,124,124,,,,,,,,
,,Харків,Шевченківський район,Севастопольська вулиця,,125,125,,,,,,,,
,,Харків,Шевченківський район,Севастопольська вулиця,,127,127,,,,,,,,
,,Харків,Шевченківський район,Севастопольська вулиця,,128,128,,,,,,,,
,,Харків,Шевченківський район,вулиця Семена Кузнеця,Ревкомівська вулиця,13,13,,,,,,,,
,,Харків,Шевченківський район,вулиця В'ячеслава Чорновола,Павла Лебедєва вулиця,13,13,,,,,,,,
,,Харків,Шевченківський район,Новомирна вулиця,,13,13,,,,,,,,
,,Харків,Шевченківський район,Севастопольська вулиця,,130,130,,,,,,,,
,,Харків,Шевченківський район,Севастопольська вулиця,,132,132,,,,,,,,
,,Харків,Шевченківський район,Севастопольська вулиця,,132а,132,,,а,,,,,
,,Харків,Шевченківський район,Софіївська вулиця,,133,133,,,,,,,,
,,Харків,Шевченківський район,вулиця Юрія Пояркова,Бородинівська вулиця,133,133,,,,,,,,
,,Харків,Шевченківський район,вулиця Юрія Пояркова,Бородинівська вулиця,133а,133,,,а,,,,,
,,Харків,Шевченківський район,вулиця Юрія Пояркова,Бородинівська вулиця,133б,133,,,б,,,,,
,,Харків,Шевченківський район,вулиця Юрія Пояркова,Бородинівська вулиця,135,135,,,,,,,,
,,Харків,Шевченківський район,Софіївська вулиця,,135,135,,,,,,,,
,,Харків,Шевченківський район,вулиця Юрія Пояркова,Бородинівська вулиця,135а,135,,,а,,,,,
,,Харків,Шевченківський район,вулиця Юрія Пояркова,Бородинівська вулиця,136,136,,,,,,,,
,,Харків,Шевченківський район,вулиця Юрія Пояркова,Бородинівська вулиця,137,137,,,,,,,,
,,Харків,Шевченківський район,Софіївська вулиця,,137,137,,,,,,,,
,,Харків,Шевченківський район,вулиця Юрія Пояркова,Бородинівська вулиця,138,138,,,,,,,,
,,Харків,Шевченківський район,вулиця Юрія Пояркова,Бородинівська вулиця,139,139,,,,,,,,
,,Харків,Шевченківський район,вулиця Семена Кузнеця,Ревкомівська вулиця,14,14,,,,,,,,
,,Харків,Шевченківський район,Авіахімічна вулиця,,14,14,,,,,,,,
,,Харків,Шевченківський район,Новомирна вулиця,,14,14,,,,,,,,
,,Харків,Шевченківський район,вулиця Юрія Пояркова,Бородинівська вулиця,140,140,,,,,,,,
,,Харків,Шевченківський район,вулиця Юрія Пояркова,Бородинівська вулиця,141,141,,,,,,,,
,,Харків,Шевченківський район,вулиця Юрія Пояркова,Бородинівська вулиця,142,142,,,,,,,,
,,Харків,Шевченківський район,вулиця Юрія Пояркова,Бородинівська вулиця,143,143,,,,,,,,
,,Харків,Шевченківський район,вулиця Юрія Пояркова,Бородинівська вулиця,144,144,,,,,,,,
,,Харків,Шевченківський район,вулиця Юрія Пояркова,Бородинівська вулиця,145,145,,,,,,,,
,,Харків,Шевченківський район,вулиця Юрія Пояркова,Бородинівська вулиця,146,146,,,,,,,,
,,Харків,Шевченківський район,вулиця Юрія Пояркова,Бородинівська вулиця,147,147,,,,,,,,
,,Харків,Шевченківський район,вулиця Юрія Пояркова,Бородинівська вулиця,148,148,,,,,,,,
,,Харків,Шевченківський район,вулиця Юрія Пояркова,Бородинівська вулиця,149,149,,,,,,,,
,,Харків,Шевченківський район,вулиця Семена Кузнеця,Ревкомівська вулиця,14а,14,,,а,,,,,
,,Харків,Шевченківський район,Новомирна вулиця,,15,15,,,,,,,,
,,Харків,Шевченківський район,вулиця В'ячеслава Чорновола,Павла Лебедєва вулиця,15,15,,,,,,,,
,,Харків,Шевченківський район,вулиця Семена Кузнеця,Ревкомівська вулиця,15,15,,,,,,,,
,,Харків,Шевченківський район,вулиця Юрія Пояркова,Бородинівська вулиця,151,151,,,,,,,,
,,Харків,Шевченківський район,вулиця Юрія Пояркова,Бородинівська вулиця,153,153,,,,,,,,
,,Харків,Шевченківський район,вулиця Семена Кузнеця,Ревкомівська вулиця,15а,15,,,а,,,,,
,,Харків,Шевченківський район,Авіахімічна вулиця,,16,16,,,,,,,,
,,Харків,Шевченківський район,Новомирна вулиця,,16,16,,,,,,,,
,,Харків,Шевченківський район,вулиця Семена Кузнеця,Ревкомівська вулиця,17,17,,,,,,,,
,,Харків,Шевченківський район,вулиця В'ячеслава Чорновола,Павла Лебедєва вулиця,17,17,,,,,,,,
,,Харків,Шевченківський район,Новомирна вулиця,,17,17,,,,,,,,
,,Харків,Шевченківський район,вулиця Семена Кузнеця,Ревкомівська вулиця,17а,17,,,а,,,,,
,,Харків,Шевченківський район,Новомирна вулиця,,18,18,,,,,,,,
,,Харків,Шевченківський район,Авіахімічна вулиця,,18,18,,,,,,,,
,,Харків,Шевченківський район,вулиця Семена Кузнеця,Ревкомівська вулиця,18а,18,,,а,,,,,
,,Харків,Шевченківський район,Новомирна вулиця,,19,19,,,,,,,,
,,Харків,Шевченківський район,вулиця В'ячеслава Чорновола,Павла Лебедєва вулиця,19,19,,,,,,,,
,,Харків,Шевченківський район,вулиця Семена Кузнеця,Ревкомівська вулиця,19/20,19,20,,,,,,,
,,Харків,Шевченківський район,Аграрна вулиця,,1а,1,,,а,,,,,
,,Харків,Шевченківський район,Авіахімічний провулок,,2,2,,,,,,,,
,,Харків,Шевченківський район,Семена Кузнеця провулок,,2,2,,,,,,,,
,,Харків,Шевченківський район,Аграрна вулиця,,2,2,,,,,,,,
,,Харків,Шевченківський район,Авіахімічна вулиця,,20а,20,,,а,,,,,
,,Харків,Шевченківський район,вулиця В'ячеслава Чорновола,Павла Лебедєва вулиця,21,21,,,,,,,,
,,Харків,Шевченківський район,вулиця Семена Кузнеця,Ревкомівська вулиця,21,21,,,,,,,,
,,Харків,Шевченківський район,Новомирна вулиця,,22,22,,,,,,,,
,,Харків,Шевченківський район,Авіахімічна вулиця,,22,22,,,,,,,,
,,Харків,Шевченківський район,вулиця Семена Кузнеця,Ревкомівська вулиця,23,23,,,,,,,,
,,Харків,Шевченківський район,Новомирна вулиця,,23,23,,,,,,,,
,,Харків,Шевченківський район,вулиця В'ячеслава Чорновола,Павла Лебедєва вулиця,23,23,,,,,,,,
,,Харків,Шевченківський район,Клочківська вулиця,,237,237,,,,,,,,
,,Харків,Шевченківський район,Новомирна вулиця,,24,24,,,,,,,,
,,Харків,Шевченківський район,вулиця Семена Кузнеця,Ревкомівська вулиця,25,25,,,,,,,,
,,Харків,Шевченківський район,вулиця В'ячеслава Чорновола,Павла Лебедєва вулиця,25,25,,,,,,,,
,,Харків,Шевченківський район,Новомирна вулиця,,25,25,,,,,,,,
,,Харків,Шевченківський район,вулиця Семена Кузнеця,Ревкомівська вулиця,25а,25,,,а,,,,,
,,Харків,Шевченківський район,вулиця В'ячеслава Чорновола,Павла Лебедєва вулиця,25а,25,,,а,,,,,
,,Харків,Шевченківський район,Авіахімічна вулиця,,26,26,,,,,,,,
,,Харків,Шевченківський район,вулиця Семена Кузнеця,Ревкомівська вулиця,26,26,,,,,,,,
,,Харків,Шевченківський район,Новомирна вулиця,,26,26,,,,,,,,
,,Харків,Шевченківський район,вулиця Семена Кузнеця,Ревкомівська вулиця,27,27,,,,,,,,
,,Харків,Шевченківський район,Новомирна вулиця,,27,27,,,,,,,,
,,Харків,Шевченківський район,Новомирна вулиця,,27а,27,,,а,,,,,
,,Харків,Шевченківський район,Новомирна вулиця,,28,28,,,,,,,,
,,Харків,Шевченківський район,вулиця Семена Кузнеця,Ревкомівська вулиця,28,28,,,,,,,,
,,Харків,Шевченківський район,Авіахімічна вулиця,,28а,28,,,а,,,,,
,,Харків,Шевченківський район,вулиця Семена Кузнеця,Ревкомівська вулиця,29,29,,,,,,,,
,,Харків,Шевченківський район,вулиця В'ячеслава Чорновола,Павла Лебедєва вулиця,29,29,,,,,,,,
,,Харків,Шевченківський район,Новомирна вулиця,,29,29,,,,,,,,
,,Харків,Шевченківський район,Рудаківська вулиця,,3,3,,,,,,,,
,,Харків,Шевченківський район,Авіахімічний провулок,,3,3,,,,,,,,
,,Харків,Шевченківський район,Аграрна вулиця,,3,3,,,,,,,,
,,Харків,Шевченківський район,Семена Кузнеця провулок,,3,3,,,,,,,,
,,Харків,Шевченківський район,Срібна вулиця,,3,3,,,,,,,,
,,Харків,Шевченківський район,Новомирна вулиця,,3,3,,,,,,,,
,,Харків,Шевченківський район,вулиця Семена Кузнеця,Ревкомівська вулиця,30,30,,,,,,,,
,,Харків,Шевченківський район,Новомирна вулиця,,30,30,,,,,,,,
,,Харків,Шевченківський район,Авіахімічна вулиця,,30,30,,,,,,,,
,,Харків,Шевченківський район,Клочківська вулиця,,309,309,,,,,,,,
,,Харків,Шевченківський район,Новомирна вулиця,,30а,30,,,а,,,,,
,,Харків,Шевченківський район,вулиця Семена Кузнеця,Ревкомівська вулиця,31,31,,,,,,,,
,,Харків,Шевченківський район,вулиця Семена Кузнеця,Ревкомівська вулиця,32,32,,,,,,,,
,,Харків,Шевченківський район,Авіахімічна вулиця,,32,32,,,,,,,,
,,Харків,Шевченківський район,вулиця Семена Кузнеця,Ревкомівська вулиця,33,33,,,,,,,,
,,Харків,Шевченківський район,вулиця В'ячеслава Чорновола,Павла Лебедєва вулиця,33,33,,,,,,,,
,,Харків,Шевченківський район,вулиця Семена Кузнеця,Ревкомівська вулиця,33а,33,,,а,,,,,
,,Харків,Шевченківський район,вулиця Семена Кузнеця,Ревкомівська вулиця,34,34,,,,,,,,
,,Харків,Шевченківський район,Авіахімічна вулиця,,34,34,,,,,,,,
,,Харків,Шевченківський район,вулиця Семена Кузнеця,Ревкомівська вулиця,35,35,,,,,,,,
,,Харків,Шевченківський район,Авіахімічна вулиця,,36,36,,,,,,,,
,,Харків,Шевченківський район,вулиця В'ячеслава Чорновола,Павла Лебедєва вулиця,36,36,,,,,,,,
,,Харків,Шевченківський район,вулиця Семена Кузнеця,Ревкомівська вулиця,36,36,,,,,,,,
,,Харків,Шевченківський район,Авіахімічна вулиця,,36а,36,,,а,,,,,
,,Харків,Шевченківський район,вулиця В'ячеслава Чорновола,Павла Лебедєва вулиця,37,37,,,,,,,,
,,Харків,Шевченківський район,вулиця Семена Кузнеця,Ревкомівська вулиця,39,39,,,,,,,,
,,Харків,Шевченківський район,вулиця В'ячеслава Чорновола,Павла Лебедєва вулиця,39,39,,,,,,,,
,,Харків,Шевченківський район,Авіахімічний провулок,,4,4,,,,,,,,
,,Харків,Шевченківський район,Новомирна вулиця,,4,4,,,,,,,,
,,Харків,Шевченківський район,Авіахімічна вулиця,,4,4,,,,,,,,
,,Харків,Шевченківський район,Аграрна вулиця,,4,4,,,,,,,,
,,Харків,Шевченківський район,Срібна вулиця,,4,4,,,,,,,,
,,Харків,Шевченківський район,Семена Кузнеця провулок,,4,4,,,,,,,,
,,Харків,Шевченківський район,Авіахімічна вулиця,,40,40,,,,,,,,
,,Харків,Шевченківський район,вулиця В'ячеслава Чорновола,Павла Лебедєва вулиця,41,41,,,,,,,,
,,Харків,Шевченківський район,вулиця Семена Кузнеця,Ревкомівська вулиця,41,41,,,,,,,,
,,Харків,Шевченківський район,Авіахімічна вулиця,,42,42,,,,,,,,
,,Харків,Шевченківський район,вулиця Семена Кузнеця,Ревкомівська вулиця,43,43,,,,,,,,
,,Харків,Шевченківський район,вулиця В'ячеслава Чорновола,Павла Лебедєва вулиця,43,43,,,,,,,,
,,Харків,Шевченківський район,Авіахімічна вулиця,,44,44,,,,,,,,
,,Харків,Шевченківський район,вулиця В'ячеслава Чорновола,Павла Лебедєва вулиця,45,45,,,,,,,,
,,Харків,Шевченківський район,вулиця Семена Кузнеця,Ревкомівська вулиця,45,45,,,,,,,,
,,Харків,Шевченківський район,Авіахімічна вулиця,,46,46,,,,,,,,
,,Харків,Шевченківський район,вулиця В'ячеслава Чорновола,Павла Лебедєва вулиця,47,47,,,,,,,,
,,Харків,Шевченківський район,Авіахімічна вулиця,,48,48,,,,,,,,
,,Харків,Шевченківський район,Авіахімічна вулиця,,48а,48,,,а,,,,,
,,Харків,Шевченківський район,вулиця В'ячеслава Чорновола,Павла Лебедєва вулиця,49,49,,,,,,,,
,,Харків,Шевченківський район,Семена Кузнеця провулок,,4а,4,,,а,,,,,
,,Харків,Шевченківський район,Срібна вулиця,,5,5,,,,,,,,
,,Харків,Шевченківський район,Аграрна вулиця,,5,5,,,,,,,,
,,Харків,Шевченківський район,Семена Кузнеця провулок,,5,5,,,,,,,,
,,Харків,Шевченківський район,Новомирна вулиця,,5,5,,,,,,,,
,,Харків,Шевченківський район,Авіахімічний провулок,,5,5,,,,,,,,
,,Харків,Шевченківський район,Авіахімічна вулиця,,50,50,,,,,,,,
,,Харків,Шевченківський район,Авіахімічна вулиця,,52,52,,,,,,,,
,,Харків,Шевченківський район,Авіахімічна вулиця,,54,54,,,,,,,,
,,Харків,Шевченківський район,Авіахімічна вулиця,,56,56,,,,,,,,
,,Харків,Шевченківський район,Аграрна вулиця,,6,6,,,,,,,,
,,Харків,Шевченківський район,Срібна вулиця,,6,6,,,,,,,,
,,Харків,Шевченківський район,Авіахімічна вулиця,,6,6,,,,,,,,
,,Харків,Шевченківський район,Новомирна вулиця,,6,6,,,,,,,,
,,Харків,Шевченківський район,Авіахімічний провулок,,6,6,,,,,,,,
,,Харків,Шевченківський район,Срібна вулиця,,7,7,,,,,,,,
,,Харків,Шевченківський район,Авіахімічний провулок,,7,7,,,,,,,,
,,Харків,Шевченківський район,Аграрна вулиця,,7,7,,,,,,,,
,,Харків,Шевченківський район,Новомирна вулиця,,7,7,,,,,,,,
,,Харків,Шевченківський район,вулиця В'ячеслава Чорновола,Павла Лебедєва вулиця,7,7,,,,,,,,
,,Харків,Шевченківський район,Аграрна вулиця,,8,8,,,,,,,,
,,Харків,Шевченківський район,Новомирна вулиця,,8,8,,,,,,,,
,,Харків,Шевченківський район,Авіахімічна вулиця,,8,8,,,,,,,,
,,Харків,Шевченківський район,Севастопольська вулиця,,87,87,,,,,,,,
,,Харків,Шевченківський район,Севастопольська вулиця,,89,89,,,,,,,,
,,Харків,Шевченківський район,вулиця В'ячеслава Чорновола,Павла Лебедєва вулиця,9,9,,,,,,,,
,,Харків,Шевченківський район,вулиця Семена Кузнеця,Ревкомівська вулиця,9,9,,,,,,,,
,,Харків,Шевченківський район,Новомирна вулиця,,9,9,,,,,,,,
,,Харків,Шевченківський район,Севастопольська вулиця,,91,91,,,,,,,,
,,Харків,Шевченківський район,Севастопольська вулиця,,93,93,,,,,,,,
,,Харків,Шевченківський район,Севастопольська вулиця,,95,95,,,,,,,,
,,Харків,Шевченківський район,Севастопольська вулиця,,97,97,,,,,,,,
,,Харків,Шевченківський район,Севастопольська вулиця,,98,98,,,,,,,,
,,Харків,Шевченківський район,Севастопольська вулиця,,99,99,,,,,,,,
,,Харків,Шевченківський район,вулиця Семена Кузнеця,Ревкомівська вулиця,9а,9,,,а,,,,,
,,Харків,Шевченківський район,Шатилівська вулиця,Леніна вулиця,19,19,,,,,,,,
,,Харків,Шевченківський район,Саржинська вулиця,,2,2,,,,,,,,
,,Харків,Шевченківський район,вулиця Євгенія Єніна,вулиця Бакуліна,33,33,,,,,,,,
,,Харків,Шевченківський район,Авіаційна вулиця,,39-А,39,,А,,,,,,
,,Харків,Шевченківський район,Дмитра Антоненка вулиця,,51,51,,,,,,,,
,,Харків,Шевченківський район,вулиця Юрія Пояркова,Бородинівська вулиця,1,1,,,,,,,,
,,Харків,Шевченківський район,Дергачівська вулиця,,1/12,1,12,,,,,,,
,,Харків,Шевченківський район,Річковий провулок,,10,10,,,,,,,,
,,Харків,Шевченківський район,Севастопольська вулиця,,10,10,,,,,,,,
,,Харків,Шевченківський район,Піщана набережна,,10,10,,,,,,,,
,,Харків,Шевченківський район,вулиця Юрія Пояркова,Бородинівська вулиця,11,11,,,,,,,,
,,Харків,Шевченківський район,Севастопольська вулиця,,12,12,,,,,,,,
,,Харків,Шевченківський район,Павлівська вулиця,,12,12,,,,,,,,
,,Харків,Шевченківський район,Піщана набережна,,12,12,,,,,,,,
,,Харків,Шевченківський район,Дергачівська вулиця,,12,12,,,,,,,,
,,Харків,Шевченківський район,Херсонська вулиця,,12,12,,,,,,,,
,,Харків,Шевченківський район,Досвідний провулок,,13,13,,,,,,,,
,,Харків,Шевченківський район,Павлівська вулиця,,13,13,,,,,,,,
,,Харків,Шевченківський район,Севастопольська вулиця,,14,14,,,,,,,,
,,Харків,Шевченківський район,Річковий провулок,,14,14,,,,,,,,
,,Харків,Шевченківський район,Дергачівська вулиця,,15,15,,,,,,,,
,,Харків,Шевченківський район,Самарська вулиця,,15,15,,,,,,,,
,,Харків,Шевченківський район,Досвідний провулок,,15,15,,,,,,,,
,,Харків,Шевченківський район,Річковий провулок,,15,15,,,,,,,,
,,Харків,Шевченківський район,Дергачівська вулиця,,15а,15,,,а,,,,,
,,Харків,Шевченківський район,вулиця Юрія Пояркова,Бородинівська вулиця,15а,15,,,а,,,,,
,,Харків,Шевченківський район,Досвідний провулок,,16,16,,,,,,,,
,,Харків,Шевченківський район,Мирна вулиця,,16,16,,,,,,,,
,,Харків,Шевченківський район,Павлівська вулиця,,16,16,,,,,,,,
,,Харків,Шевченківський район,Клочківська вулиця,,161,161,,,,,,,,
,,Харків,Шевченківський район,Клочківська вулиця,,163,163,,,,,,,,
,,Харків,Шевченківський район,Клочківська вулиця,,163а,163,,,а,,,,,
,,Харків,Шевченківський район,Клочківська вулиця,,165,165,,,,,,,,
,,Харків,Шевченківський район,Клочківська вулиця,,167,167,,,,,,,,
,,Харків,Шевченківський район,Клочківська вулиця,,169,169,,,,,,,,
,,Харків,Шевченківський район,Клочківська вулиця,,169а,169,,,а,,,,,
,,Харків,Шевченківський район,Самарська вулиця,,17,17,,,,,,,,
,,Харків,Шевченківський район,Павлівська вулиця,,17,17,,,,,,,,
,,Харків,Шевченківський район,Севастопольська вулиця,,17,17,,,,,,,,
,,Харків,Шевченківський район,Річковий провулок,,17,17,,,,,,,,
,,Харків,Шевченківський район,Дергачівська вулиця,,17,17,,,,,,,,
,,Харків,Шевченківський район,Дергачівська вулиця,,17а,17,,,а,,,,,
,,Харків,Шевченківський район,Річковий провулок,,18,18,,,,,,,,
,,Харків,Шевченківський район,Досвідний провулок,,18,18,,,,,,,,
,,Харків,Шевченківський район,Павлівська вулиця,,18,18,,,,,,,,
,,Харків,Шевченківський район,Річковий провулок,,19,19,,,,,,,,
,,Харків,Шевченківський район,Самарська вулиця,,19,19,,,,,,,,
,,Харків,Шевченківський район,Заліська вулиця,,19,19,,,,,,,,
,,Харків,Шевченківський район,Заліська вулиця,,19/26,19,26,,,,,,,
,,Харків,Шевченківський район,Піщана набережна,,2,2,,,,,,,,
,,Харків,Шевченківський район,Софіївська вулиця,,20,20,,,,,,,,
,,Харків,Шевченківський район,Річковий провулок,,20,20,,,,,,,,
,,Харків,Шевченківський район,Досвідний провулок,,20,20,,,,,,,,
,,Харків,Шевченківський район,Мирна вулиця,,20,20,,,,,,,,
,,Харків,Шевченківський район,Річковий провулок,,21,21,,,,,,,,
,,Харків,Шевченківський район,Заліська вулиця,,21,21,,,,,,,,
,,Харків,Шевченківський район,Досвідний провулок,,22,22,,,,,,,,
,,Харків,Шевченківський район,Севастопольська вулиця,,22,22,,,,,,,,
,,Харків,Шевченківський район,Павлівська вулиця,,22,22,,,,,,,,
,,Харків,Шевченківський район,вулиця Юрія Пояркова,Бородинівська вулиця,22,22,,,,,,,,
,,Харків,Шевченківський район,Мирна вулиця,,22,22,,,,,,,,
,,Харків,Шевченківський район,Заліська вулиця,,23,23,,,,,,,,
,,Харків,Шевченківський район,вулиця Юрія Пояркова,Бородинівська вулиця,24,24,,,,,,,,
,,Харків,Шевченківський район,Севастопольська вулиця,,24,24,,,,,,,,
,,Харків,Шевченківський район,Досвідний провулок,,24,24,,,,,,,,
,,Харків,Шевченківський район,Павлівська вулиця,,24,24,,,,,,,,
,,Харків,Шевченківський район,Мирна вулиця,,24,24,,,,,,,,
,,Харків,Шевченківський район,Софіївська вулиця,,24,24,,,,,,,,
,,Харків,Шевченківський район,Лопанська вулиця,,24/30,24,30,,,,,,,
,,Харків,Шевченківський район,Сухумська вулиця,,25,25,,,,,,,,
,,Харків,Шевченківський район,Севастопольська вулиця,,25,25,,,,,,,,
,,Харків,Шевченківський район,Заліська вулиця,,25,25,,,,,,,,
,,Харків,Шевченківський район,Софіївська вулиця,,26,26,,,,,,,,
,,Харків,Шевченківський район,Севастопольська вулиця,,26,26,,,,,,,,
,,Харків,Шевченківський район,Севастопольська вулиця,,27,27,,,,,,,,
,,Харків,Шевченківський район,Софіївська вулиця,,27,27,,,,,,,,
,,Харків,Шевченківський район,Сухумська вулиця,,29,29,,,,,,,,
,,Харків,Шевченківський район,Заліська вулиця,,27,27,,,,,,,,
,,Харків,Шевченківський район,Севастопольська вулиця,,27а,27,,,а,,,,,
,,Харків,Шевченківський район,Заліська вулиця,,27а,27,,,а,,,,,
,,Харків,Шевченківський район,Софіївська вулиця,,28,28,,,,,,,,
,,Харків,Шевченківський район,Лопанська вулиця,,28/16,28,16,,,,,,,
,,Харків,Шевченківський район,Севастопольська вулиця,,29,29,,,,,,,,
,,Харків,Шевченківський район,Заліська вулиця,,29,29,,,,,,,,
,,Харків,Шевченківський район,Клочківська вулиця,,109б,109,,,б,,,,,
,,Харків,Шевченківський район,Сухумська вулиця,,2б,2,,,б,,,,,
,,Харків,Шевченківський район,вулиця Юрія Пояркова,Бородинівська вулиця,2г,2,,,г,,,,,
,,Харків,Шевченківський район,Дергачівська вулиця,,3,3,,,,,,,,
,,Харків,Шевченківський район,Досвідний провулок,,3,3,,,,,,,,
,,Харків,Шевченківський район,вулиця Юрія Пояркова,Бородинівська вулиця,3,3,,,,,,,,
,,Харків,Шевченківський район,Мирна вулиця,,30,30,,,,,,,,
,,Харків,Шевченківський район,Павлівська вулиця,,30,30,,,,,,,,
,,Харків,Шевченківський район,Севастопольська вулиця,,30,30,,,,,,,,
,,Харків,Шевченківський район,Севастопольська вулиця,,31,31,,,,,,,,
,,Харків,Шевченківський район,Лопанська вулиця,,31,31,,,,,,,,
,,Харків,Шевченківський район,Софіївська вулиця,,32,32,,,,,,,,
,,Харків,Шевченківський район,Севастопольська вулиця,,32,32,,,,,,,,
,,Харків,Шевченківський район,Мирна вулиця,,32,32,,,,,,,,
,,Харків,Шевченківський район,Мирна вулиця,,32а,32,,,а,,,,,
,,Харків,Шевченківський район,Севастопольська вулиця,,33,33,,,,,,,,
,,Харків,Шевченківський район,вулиця Юрія Пояркова,Бородинівська вулиця,33,33,,,,,,,,
,,Харків,Шевченківський район,Лопанська вулиця,,3336,3336,,,,,,,,
,,Харків,Шевченківський район,Мирна вулиця,,34,34,,,,,,,,
,,Харків,Шевченківський район,Софіївська вулиця,,34,34,,,,,,,,
,,Харків,Шевченківський район,Севастопольська вулиця,,34,34,,,,,,,,
,,Харків,Шевченківський район,Павлівська вулиця,,34,34,,,,,,,,
,,Харків,Шевченківський район,Лопанська вулиця,,34,34,,,,,,,,
,,Харків,Шевченківський район,Севастопольська вулиця,,35,35,,,,,,,,
,,Харків,Шевченківський район,Сухумська вулиця,,35,35,,,,,,,,
,,Харків,Шевченківський район,Павлівська вулиця,,36,36,,,,,,,,
,,Харків,Шевченківський район,Мирна вулиця,,36,36,,,,,,,,
,,Харків,Шевченківський район,Павлівська вулиця,,36а,36,,,а,,,,,
,,Харків,Шевченківський район,Севастопольська вулиця,,37,37,,,,,,,,
,,Харків,Шевченківський район,Софіївська вулиця,,37,37,,,,,,,,
,,Харків,Шевченківський район,Мирна вулиця,,38,38,,,,,,,,
,,Харків,Шевченківський район,Павлівська вулиця,,38,38,,,,,,,,
,,Харків,Шевченківський район,Софіївська вулиця,,38,38,,,,,,,,
,,Харків,Шевченківський район,Севастопольська вулиця,,39,39,,,,,,,,
,,Харків,Шевченківський район,Софіївська вулиця,,39,39,,,,,,,,
,,Харків,Шевченківський район,Заліська вулиця,,39,39,,,,,,,,
,,Харків,Шевченківський район,Севастопольська вулиця,,39а,39,,,а,,,,,
,,Харків,Шевченківський район,вулиця Юрія Пояркова,Бородинівська вулиця,3а,3,,,а,,,,,
,,Харків,Шевченківський район,Павлівська вулиця,,4,4,,,,,,,,
,,Харків,Шевченківський район,Піщана набережна,,4,4,,,,,,,,
,,Харків,Шевченківський район,Севастопольська вулиця,,4,4,,,,,,,,
,,Харків,Шевченківський район,вулиця Юрія Пояркова,Бородинівська вулиця,4,4,,,,,,,,
,,Харків,Шевченківський район,Мирна вулиця,,40,40,,,,,,,,
,,Харків,Шевченківський район,Заліська вулиця,,40,40,,,,,,,,
,,Харків,Шевченківський район,Заліська вулиця,,41,41,,,,,,,,
,,Харків,Шевченківський район,Софіївська вулиця,,41,41,,,,,,,,
,,Харків,Шевченківський район,Сухумська вулиця,,41,41,,,,,,,,
,,Харків,Шевченківський район,Мирна вулиця,,42,42,,,,,,,,
,,Харків,Шевченківський район,Заліська вулиця,,42,42,,,,,,,,
,,Харків,Шевченківський район,Сухумська вулиця,,43,43,,,,,,,,
,,Харків,Шевченківський район,Софіївська вулиця,,44,44,,,,,,,,
,,Харків,Шевченківський район,Заліська вулиця,,44,44,,,,,,,,
,,Харків,Шевченківський район,Сухумська вулиця,,44,44,,,,,,,,
,,Харків,Шевченківський район,Сухумська вулиця,,44а,44,,,а,,,,,
,,Харків,Шевченківський район,Сухумська вулиця,,44б,44,,,б,,,,,
,,Харків,Шевченківський район,вулиця Юрія Пояркова,Бородинівська вулиця,45,45,,,,,,,,
,,Харків,Шевченківський район,Севастопольська вулиця,,45,45,,,,,,,,
,,Харків,Шевченківський район,Сухумська вулиця,,45,45,,,,,,,,
,,Харків,Шевченківський район,Сухумська вулиця,,46,46,,,,,,,,
,,Харків,Шевченківський район,Заліська вулиця,,46,46,,,,,,,,
,,Харків,Шевченківський район,Сухумська вулиця,,46а,46,,,а,,,,,
,,Харків,Шевченківський район,Сухумська вулиця,,47,47,,,,,,,,
,,Харків,Шевченківський район,Заліська вулиця,,47,47,,,,,,,,
,,Харків,Шевченківський район,Софіївська вулиця,,47,47,,,,,,,,
,,Харків,Шевченківський район,Заліська вулиця,,48,48,,,,,,,,
,,Харків,Шевченківський район,Сухумська вулиця,,48,48,,,,,,,,
,,Харків,Шевченківський район,Софіївська вулиця,,48/20,48,20,,,,,,,
,,Харків,Шевченківський район,вулиця Юрія Пояркова,Бородинівська вулиця,49,49,,,,,,,,
,,Харків,Шевченківський район,Сухумська вулиця,,49,49,,,,,,,,
,,Харків,Шевченківський район,Софіївська вулиця,,49,49,,,,,,,,
,,Харків,Шевченківський район,Заліська вулиця,,49,49,,,,,,,,
,,Харків,Шевченківський район,Клочківська вулиця,,115,115,,,,,,,,
,,Харків,Шевченківський район,вулиця Юрія Пояркова,Бородинівська вулиця,5,5,,,,,,,,
,,Харків,Шевченківський район,Досвідний провулок,,5,5,,,,,,,,
,,Харків,Шевченківський район,Дергачівська вулиця,,5,5,,,,,,,,
,,Харків,Шевченківський район,Сухумська вулиця,,50,50,,,,,,,,
,,Харків,Шевченківський район,Заліська вулиця,,50,50,,,,,,,,
,,Харків,Шевченківський район,Софіївська вулиця,,50,50,,,,,,,,
,,Харків,Шевченківський район,Сухумська вулиця,,51,51,,,,,,,,
,,Харків,Шевченківський район,Заліська вулиця,,51,51,,,,,,,,
,,Харків,Шевченківський район,вулиця Юрія Пояркова,Бородинівська вулиця,51,51,,,,,,,,
,,Харків,Шевченківський район,Софіївська вулиця,,51,51,,,,,,,,
,,Харків,Шевченківський район,Заліська вулиця,,51а,51,,,а,,,,,
,,Харків,Шевченківський район,Заліська вулиця,,52,52,,,,,,,,
,,Харків,Шевченківський район,Софіївська вулиця,,52,52,,,,,,,,
,,Харків,Шевченківський район,Софіївська вулиця,,53,53,,,,,,,,
,,Харків,Шевченківський район,Сухумська вулиця,,53,53,,,,,,,,
,,Харків,Шевченківський район,Заліська вулиця,,53,53,,,,,,,,
,,Харків,Шевченківський район,вулиця Юрія Пояркова,Бородинівська вулиця,53,53,,,,,,,,
,,Харків,Шевченківський район,вулиця Юрія Пояркова,Бородинівська вулиця,53а,53,,,а,,,,,
,,Харків,Шевченківський район,Софіївська вулиця,,54,54,,,,,,,,
,,Харків,Шевченківський район,Заліська вулиця,,54,54,,,,,,,,
,,Харків,Шевченківський район,Сухумська вулиця,,55,55,,,,,,,,
,,Харків,Шевченківський район,Софіївська вулиця,,55,55,,,,,,,,
,,Харків,Шевченківський район,Заліська вулиця,,55,55,,,,,,,,
,,Харків,Шевченківський район,вулиця Юрія Пояркова,Бородинівська вулиця,55,55,,,,,,,,
,,Харків,Шевченківський район,Заліська вулиця,,56,56,,,,,,,,
,,Харків,Шевченківський район,Софіївська вулиця,,56,56,,,,,,,,
,,Харків,Шевченківський район,вулиця Юрія Пояркова,Бородинівська вулиця,56/26,56,26,,,,,,,
,,Харків,Шевченківський район,Заліська вулиця,,57,57,,,,,,,,
,,Харків,Шевченківський район,Сухумська вулиця,,57,57,,,,,,,,
,,Харків,Шевченківський район,Софіївська вулиця,,57,57,,,,,,,,
,,Харків,Шевченківський район,вулиця Юрія Пояркова,Бородинівська вулиця,57,57,,,,,,,,
,,Харків,Шевченківський район,Заліська вулиця,,57а,57,,,а,,,,,
,,Харків,Шевченківський район,Софіївська вулиця,,58,58,,,,,,,,
,,Харків,Шевченківський район,вулиця Юрія Пояркова,Бородинівська вулиця,58,58,,,,,,,,
,,Харків,Шевченківський район,Заліська вулиця,,59,59,,,,,,,,
,,Харків,Шевченківський район,Сухумська вулиця,,59,59,,,,,,,,
,,Харків,Шевченківський район,Софіївська вулиця,,59,59,,,,,,,,
,,Харків,Шевченківський район,вулиця Юрія Пояркова,Бородинівська вулиця,59,59,,,,,,,,
,,Харків,Шевченківський район,Сухумська вулиця,,59а,59,,,а,,,,,
,,Харків,Шевченківський район,вулиця Юрія Пояркова,Бородинівська вулиця,5в,5,,,в,,,,,
,,Харків,Шевченківський район,Павлівська вулиця,,6,6,,,,,,,,
,,Харків,Шевченківський район,Піщана набережна,,6,6,,,,,,,,
,,Харків,Шевченківський район,Річковий провулок,,6,6,,,,,,,,
,,Харків,Шевченківський район,Мирна вулиця,,6,6,,,,,,,,
,,Харків,Шевченківський район,Севастопольська вулиця,,6,6,,,,,,,,
,,Харків,Шевченківський район,Дергачівська вулиця,,6,6,,,,,,,,
,,Харків,Шевченківський район,Софіївська вулиця,,60,60,,,,,,,,
,,Харків,Шевченківський район,Заліська вулиця,,60,60,,,,,,,,
,,Харків,Шевченківський район,вулиця Юрія Пояркова,Бородинівська вулиця,60,60,,,,,,,,
,,Харків,Шевченківський район,вулиця Юрія Пояркова,Бородинівська вулиця,60а,60,,,а,,,,,
,,Харків,Шевченківський район,Софіївська вулиця,,61,61,,,,,,,,
,,Харків,Шевченківський район,Заліська вулиця,,61,61,,,,,,,,
,,Харків,Шевченківський район,Софіївська вулиця,,62,62,,,,,,,,
,,Харків,Шевченківський район,вулиця Юрія Пояркова,Бородинівська вулиця,62,62,,,,,,,,
,,Харків,Шевченківський район,Заліська вулиця,,62/11,62,11,,,,,,,
,,Харків,Шевченківський район,Заліська вулиця,,63,63,,,,,,,,
,,Харків,Шевченківський район,Софіївська вулиця,,63,63,,,,,,,,
,,Харків,Шевченківський район,вулиця Юрія Пояркова,Бородинівська вулиця,64,64,,,,,,,,
,,Харків,Шевченківський район,Софіївська вулиця,,64,64,,,,,,,,
,,Харків,Шевченківський район,вулиця Юрія Пояркова,Бородинівська вулиця,65,65,,,,,,,,
,,Харків,Шевченківський район,Заліська вулиця,,65,65,,,,,,,,
,,Харків,Шевченківський район,вулиця Юрія Пояркова,Бородинівська вулиця,66,66,,,,,,,,
,,Харків,Шевченківський район,Софіївська вулиця,,66,66,,,,,,,,
,,Харків,Шевченківський район,Заліська вулиця,,67,67,,,,,,,,
,,Харків,Шевченківський район,вулиця Юрія Пояркова,Бородинівська вулиця,67,67,,,,,,,,
,,Харків,Шевченківський район,Софіївська вулиця,,68,68,,,,,,,,
,,Харків,Шевченківський район,Софіївська вулиця,,69,69,,,,,,,,
,,Харків,Шевченківський район,Піщана набережна,,6а,6,,,а,,,,,
,,Харків,Шевченківський район,Дергачівська вулиця,,7,7,,,,,,,,
,,Харків,Шевченківський район,Севастопольська вулиця,,7,7,,,,,,,,
,,Харків,Шевченківський район,вулиця Юрія Пояркова,Бородинівська вулиця,7,7,,,,,,,,
,,Харків,Шевченківський район,Софіївська вулиця,,71,71,,,,,,,,
,,Харків,Шевченківський район,Софіївська вулиця,,73/23,73,23,,,,,,,
,,Харків,Шевченківський район,вулиця Юрія Пояркова,Бородинівська вулиця,76,76,,,,,,,,
,,Харків,Шевченківський район,Річковий провулок,,8,8,,,,,,,,
,,Харків,Шевченківський район,Дергачівська вулиця,,8,8,,,,,,,,
,,Харків,Шевченківський район,Павлівська вулиця,,8,8,,,,,,,,
,,Харків,Шевченківський район,Піщана набережна,,8,8,,,,,,,,
,,Харків,Шевченківський район,вулиця Юрія Пояркова,Бородинівська вулиця,9,9,,,,,,,,
,,Харків,Шевченківський район,Сухумська вулиця,,9,9,,,,,,,,
,,Харків,Шевченківський район,Дергачівська вулиця,,9,9,,,,,,,,
,,Харків,Шевченківський район,Севастопольська вулиця,,9,9,,,,,,,,
,,Харків,Шевченківський район,Самарська вулиця,,9/61,9,61,,,,,,,
,,Харків,Шевченківський район,вулиця Юрія Пояркова,Бородинівська вулиця,9а,9,,,а,,,,,
,,Харків,Шевченківський район,Сухумська вулиця,,9а,9,,,а,,,,,
,,Харків,Шевченківський район,Дергачівська вулиця,,7а,7,,,а,,,,,
,,Харків,Шевченківський район,Мирна вулиця,,9,9,,,,,,,,
,,Харків,Шевченківський район,проспект Науки,Леніна проспект,45б,45,,,б,,,,,
,,Харків,Шевченківський район,проспект Науки,Леніна проспект,45/3 к1,45/3 к1,,,,,,,,
,,Харків,Шевченківський район,проспект Науки,Леніна проспект,45/3 к3,45/3 к3,,,,,,,,
,,Харків,Шевченківський район,проспект Науки,Леніна проспект,47/1,47,1,,,,,,,
,,Харків,Шевченківський район,проспект Науки,Леніна проспект,45/3 к2,45/3 к2,,,,,,,,
,,Харків,Шевченківський район,проспект Перемоги,,62ж,62,,,ж,,,,,
,,Харків,Шевченківський район,Фролівський провулок,,1,1,,,,,,,,
,,Харків,Шевченківський район,Білобровський провулок,,12/1,12,1,,,,,,,
,,Харків,Шевченківський район,Іванівський провулок,,10,10,,,,,,,,
,,Харків,Шевченківський район,Фролівський провулок,,10,10,,,,,,,,
,,Харків,Шевченківський район,Іванівська набережна,,10,10,,,,,,,,
,,Харків,Шевченківський район,Набережний провулок,,10,10,,,,,,,,
,,Харків,Шевченківський район,Іванівська вулиця,,10,10,,,,,,,,
,,Харків,Шевченківський район,Іванівська набережна,,11,11,,,,,,,,
,,Харків,Шевченківський район,Іванівський провулок,,11,11,,,,,,,,
,,Харків,Шевченківський район,Набережний провулок,,11,11,,,,,,,,
,,Харків,Шевченківський район,Іванівський провулок,,12,12,,,,,,,,
,,Харків,Шевченківський район,Піщана вулиця,,13,13,,,,,,,,
,,Харків,Шевченківський район,Іванівський провулок,,14,14,,,,,,,,
,,Харків,Шевченківський район,Іванівська вулиця,,18,18,,,,,,,,
,,Харків,Шевченківський район,Іванівський провулок,,2,2,,,,,,,,
,,Харків,Шевченківський район,Іванівська вулиця,,20,20,,,,,,,,
,,Харків,Шевченківський район,Іванівська вулиця,,24,24,,,,,,,,
,,Харків,Шевченківський район,Іванівська вулиця,,26,26,,,,,,,,
,,Харків,Шевченківський район,Іванівська вулиця,,29а,29,,,а,,,,,
,,Харків,Шевченківський район,Рівний провулок,,3,3,,,,,,,,
,,Харків,Шевченківський район,Білобровський провулок,,3,3,,,,,,,,
,,Харків,Шевченківський район,Іванівська вулиця,,3,3,,,,,,,,
,,Харків,Шевченківський район,Іванівська вулиця,,33,33,,,,,,,,
,,Харків,Шевченківський район,Іванівська вулиця,,35,35,,,,,,,,
,,Харків,Шевченківський район,Іванівська вулиця,,38,38,,,,,,,,
,,Харків,Шевченківський район,Іванівська вулиця,,39,39,,,,,,,,
,,Харків,Шевченківський район,Іванівський провулок,,3а,3,,,а,,,,,
,,Харків,Шевченківський район,Іванівський провулок,,3б,3,,,б,,,,,
,,Харків,Шевченківський район,Білобровський провулок,,4,4,,,,,,,,
,,Харків,Шевченківський район,Іванівський провулок,,4,4,,,,,,,,
,,Харків,Шевченківський район,Рогатинський проїзд,Рогатинський в'їзд,4,4,,,,,,,,
,,Харків,Шевченківський район,Іванівська вулиця,,41а,41,,,а,,,,,
,,Харків,Шевченківський район,Іванівська вулиця,,43а,43,,,а,,,,,
,,Харків,Шевченківський район,Іванівська вулиця,,45,45,,,,,,,,
,,Харків,Шевченківський район,Іванівська вулиця,,45а,45,,,а,,,,,
,,Харків,Шевченківський район,Іванівський провулок,,5,5,,,,,,,,
,,Харків,Шевченківський район,Піщана вулиця,,5,5,,,,,,,,
,,Харків,Шевченківський район,Білобровський провулок,,5а,5,,,а,,,,,
,,Харків,Шевченківський район,Білобровський провулок,,6,6,,,,,,,,
,,Харків,Шевченківський район,Рівний провулок,,6,6,,,,,,,,
,,Харків,Шевченківський район,Набережний провулок,,6,6,,,,,,,,
,,Харків,Шевченківський район,Іванівський провулок,,6,6,,,,,,,,
,,Харків,Шевченківський район,Клочківська вулиця,,67,67,,,,,,,,
,,Харків,Шевченківський район,Іванівський провулок,,7,7,,,,,,,,
,,Харків,Шевченківський район,Набережний провулок,,7,7,,,,,,,,
,,Харків,Шевченківський район,Піщана вулиця,,7,7,,,,,,,,
,,Харків,Шевченківський район,Рівний провулок,,7,7,,,,,,,,
,,Харків,Шевченківський район,Іванівська набережна,,8,8,,,,,,,,
,,Харків,Шевченківський район,Іванівський провулок,,8,8,,,,,,,,
,,Харків,Шевченківський район,Набережний провулок,,8,8,,,,,,,,
,,Харків,Шевченківський район,Рівний провулок,,8,8,,,,,,,,
,,Харків,Шевченківський район,Набережний провулок,,9,9,,,,,,,,
,,Харків,Шевченківський район,Піщана вулиця,,9,9,,,,,,,,
,,Харків,Шевченківський район,Іванівська набережна,,9,9,,,,,,,,
,,Харків,Шевченківський район,Рівний провулок,,9,9,,,,,,,,
,,Харків,Шевченківський район,Іванівський провулок,,9а,9,,,а,,,,,
,,Харків,Шевченківський район,Іванівський провулок,,9б,9,,,б,,,,,
,,Харків,Шевченківський район,вулиця Квітки-Основ’яненка,,1,1,,,,,,,,
,,Харків,Шевченківський район,провулок Кравцова,,1,1,,,,,,,,
,,Харків,Шевченківський район,Бурсацький узвіз,,3,3,,,,,,,,
,,Харків,Шевченківський район,вулиця Трінклера,,10,10,,,,,,,,
,,Харків,Шевченківський район,Університетська вулиця,,11,11,,,,,,,,
,,Харків,Шевченківський район,Ромен Роллана вулиця,,9,9,,,,,,,,
,,Харків,Шевченківський район,провулок Кравцова,,13в,13,,,в,,,,,
,,Харків,Шевченківський район,майдан Конституції,,13,13,,,,,,,,
,,Харків,Шевченківський район,Космічна вулиця,,14а,14,,,а,,,,,
,,Харків,Шевченківський район,Коцюбинського вулиця,,15,15,,,,,,,,
,,Харків,Шевченківський район,Римарська вулиця,,16,16,,,,,,,,
,,Харків,Шевченківський район,вулиця Трінклера,,16,16,,,,,,,,
,,Харків,Шевченківський район,Клочківська вулиця,,16/10,16,10,,,,,,,
,,Харків,Шевченківський район,Павлівський майдан,Рози Люксембург майдан,7,7,,,,,,,,
,,Харків,Шевченківський район,вулиця Трінклера,,18,18,,,,,,,,
,,Харків,Шевченківський район,Римарська вулиця,,18а,18,,,а,,,,,
,,Харків,Шевченківський район,провулок Кравцова,,4,4,,,,,,,,
,,Харків,Шевченківський район,вулиця Данилевського,,8 (п5-п13),8 (п5-п13),,,,,,,,
,,Харків,Шевченківський район,Ромена Роллана вулиця,,7,7,,,,,,,,
,,Харків,Шевченківський район,Римарська вулиця,,4,4,,,,,,,,
,,Харків,Шевченківський район,вулиця Квітки-Основ’яненка,,4,4,,,,,,,,
,,Харків,Шевченківський район,Космічна вулиця,,4/11,4,11,,,,,,,
,,Харків,Шевченківський район,Трінклера вулиця,,8/5,8,5,,,,,,,
,,Харків,Шевченківський район,майдан Конституції,,1,1,,,,,,,,
,,Харків,Шевченківський район,вулиця Культури,,5,5,,,,,,,,
,,Харків,Шевченківський район,провулок Кравцова,,5,5,,,,,,,,
,,Харків,Шевченківський район,вулиця Данилевського,,5,5,,,,,,,,
,,Харків,Шевченківський район,Університетська вулиця,,6,6,,,,,,,,
,,Харків,Шевченківський район,Бурсацький узвіз,,7,7,,,,,,,,
,,Харків,Шевченківський район,Клочківська вулиця,,7,7,,,,,,,,
,,Харків,Шевченківський район,вулиця Трінклера,,6,6,,,,,,,,
,,Харків,Шевченківський район,Бурсацький узвіз,,8,8,,,,,,,,
,,Харків,Шевченківський район,вулиця Бориса Чичибабіна,,7 (п6-п9),7 (п6-п9),,,,,,,,
,,Харків,Шевченківський район,проспект Науки,Леніна проспект,9б;09,9б;09,,,,61000,,,,
,,Харків,Шевченківський район,Музична вулиця,,1,1,,,,,,,,
,,Харків,Шевченківський район,Сумгаїтська вулиця,,9а,9,,,а,,,,,
,,Харків,Шевченківський район,Мирна вулиця,,11а,11,,,а,,,,,
,,Харків,Шевченківський район,вулиця Ахсарова,,11б,11,,,б,,,,,
,,Харків,Шевченківський район,провулок Отакара Яроша,,14,14,,,,,,,,
,,Харків,Шевченківський район,вулиця Ахсарова,,15б,15,,,б,61204,,,,
,,Харків,Шевченківський район,Сумгаїтська вулиця,,16,16,,,,,,,,
,,Харків,Шевченківський район,Клочківська вулиця,,195а,195,,,а,,,,,
,,Харків,Шевченківський район,вулиця Станіслава Партали,Балакірєва вулиця,42,42,,,,,,,,
,,Харків,Шевченківський район,вулиця Отакара Яроша,,21б,21,,,б,,,,,
,,Харків,Шевченківський район,Людвига Свободы,,22а,22,,,а,,,,,
,,Харків,Шевченківський район,Монтажна вулиця,,3,3,,,,,,,,
,,Харків,Шевченківський район,Музична вулиця,,3,3,,,,,,,,
,,Харків,Шевченківський район,Сумгаїтська вулиця,,3,3,,,,,,,,
,,Харків,Шевченківський район,Архітекторів вулиця,,30а,30,,,а,,,,,
,,Харків,Шевченківський район,проспект Людвіга Свободи,,45а,45,,,а,,,,,
,,Харків,Шевченківський район,Людвіга Свободи проспект,,34а,34,,,а,,,,,
,,Харків,Шевченківський район,вулиця Отакара Яроша,,3а,3,,,а,,,,,
,,Харків,Шевченківський район,вулиця Отакара Яроша,,3б,3,,,б,61045,,,,
,,Харків,Шевченківський район,вулиця 23 Серпня,,41,41,,,,,,,,
,,Харків,Шевченківський район,Людвіга Свободи проспект,,42б,42,,,б,61204,,,,
,,Харків,Шевченківський район,вулиця 23 Серпня,,45,45,,,,,,,,
,,Харків,Шевченківський район,Людвіга Свободи проспект,,47а,47,,,а,,,,,
,,Харків,Шевченківський район,вулиця 23 Серпня,,49,49,,,,,,,,
,,Харків,Шевченківський район,Монтажна вулиця,,5,5,,,,,,,,
,,Харків,Шевченківський район,Музична вулиця,,5,5,,,,,,,,
,,Харків,Шевченківський район,Балакірєва в’їзд,,5,5,,,,,,,,
,,Харків,Шевченківський район,Котельниківська вулиця,,5,5,,,,,,,,
,,Харків,Шевченківський район,проспект Перемоги,,52,52,,,,,,,,
,,Харків,Шевченківський район,проспект Перемоги,,52г,52,,,г,,,,,
,,Харків,Шевченківський район,проспект Перемоги,,52д,52,,,д,,,,,
,,Харків,Шевченківський район,вулиця 23 Серпня,,53,53,,,,,,,,
,,Харків,Шевченківський район,вулиця Вартових Неба,,55,55,,,,,,,,
,,Харків,Шевченківський район,Людвіга Свободи проспект,,55а,55,,,а,,,,,
,,Харків,Шевченківський район,Людвіга Свободи проспект,,55г,55,,,г,,,,,
,,Харків,Шевченківський район,вулиця 23 Серпня,,57,57,,,,,,,,
,,Харків,Шевченківський район,вулиця Вартових Неба,,58а,58,,,а,,,,,
,,Харків,Шевченківський район,проспект Перемоги,,62е,62,,,е,,,,,
,,Харків,Шевченківський район,проспект Перемоги,,63,63,,,,,,,,
,,Харків,Шевченківський район,проспект Науки,Леніна проспект,66б,66,,,б,,,,,
,,Харків,Шевченківський район,проспект Перемоги,,69,69,,,,,,,,
,,Харків,Шевченківський район,Балакірєва в’їзд,,7,7,,,,,,,,
,,Харків,Шевченківський район,Музична вулиця,,7,7,,,,,,,,
,,Харків,Шевченківський район,проспект Перемоги,,76а,76,,,а,,,,,
,,Харків,Шевченківський район,вулиця Дерев’янка,,8,8,,,,,,,,
,,Харків,Шевченківський район,Космонавтів вулиця,,8,8,,,,,,,,
,,Харків,Шевченківський район,проспект Перемоги,,81,81,,,,,,,,
,,Харків,Шевченківський район,вулиця Отакара Яроша,,81а,81,,,а,,,,,
,,Харків,Шевченківський район,Померки,,1,1,,,,61070,,,,
,,Харків,Шевченківський район,Балакірєва в’їзд,,9,9,,,,,,,,
,,Харків,Шевченківський район,вулиця Ахсарова,,9а,9,,,а,,,,,
,,Харків,Шевченківський район,Монтажна вулиця,,10,10,,,,,,,,
,,Харків,Шевченківський район,Бойова вулиця,,101,101,,,,,,,,
,,Харків,Шевченківський район,Бойова вулиця,,101а,101,,,а,,,,,
,,Харків,Шевченківський район,Армійська вулиця,Червоноармійська вулиця,113,113,,,,,,,,
,,Харків,Шевченківський район,Армійська вулиця,Червоноармійська вулиця,115,115,,,,,,,,
,,Харків,Шевченківський район,Армійська вулиця,Червоноармійська вулиця,117,117,,,,,,,,
,,Харків,Шевченківський район,Армійська вулиця,Червоноармійська вулиця,124,124,,,,,,,,
,,Харків,Шевченківський район,Армійська вулиця,Червоноармійська вулиця,126,126,,,,,,,,
,,Харків,Шевченківський район,Монтажна вулиця,,2,2,,,,,,,,
,,Харків,Шевченківський район,Архітекторів вулиця,,20а,20,,,а,,,,,
,,Харків,Шевченківський район,вулиця Ахсарова,,21,21,,,,,,,,
,,Харків,Шевченківський район,Людвіга Свободи проспект,,24а,24,,,а,,,,,
,,Харків,Шевченківський район,Артилерійська вулиця,,30,30,,,,,,,,
,,Харків,Шевченківський район,Солдатський провулок,,32,32,,,,,,,,
,,Харків,Шевченківський район,Клочківська вулиця,,323,323,,,,,,,,
,,Харків,Шевченківський район,Клочківська вулиця,,325,325,,,,,,,,
,,Харків,Шевченківський район,Клочківська вулиця,,327а,327,,,а,,,,,
,,Харків,Шевченківський район,Клочківська вулиця,,329,329,,,,,,,,
,,Харків,Шевченківський район,Клочківська вулиця,,329а,329,,,а,,,,,
,,Харків,Шевченківський район,Клочківська вулиця,,330,330,,,,,,,,
,,Харків,Шевченківський район,Клочківська вулиця,,331,331,,,,,,,,
,,Харків,Шевченківський район,Клочківська вулиця,,332,332,,,,,,,,
,,Харків,Шевченківський район,Клочківська вулиця,,332а,332,,,а,,,,,
,,Харків,Шевченківський район,Клочківська вулиця,,334,334,,,,,,,,
,,Харків,Шевченківський район,Клочківська вулиця,,336,336,,,,,,,,
,,Харків,Шевченківський район,Клочківська вулиця,,338,338,,,,,,,,
,,Харків,Шевченківський район,Штурмова вулиця,,34,34,,,,,,,,
,,Харків,Шевченківський район,Клочківська вулиця,,340,340,,,,,,,,
,,Харків,Шевченківський район,Клочківська вулиця,,342,342,,,,,,,,
,,Харків,Шевченківський район,Клочківська вулиця,,344,344,,,,,,,,
,,Харків,Шевченківський район,Солдатська вулиця,,37,37,,,,,,,,
,,Харків,Шевченківський район,Людвіга Свободи проспект,,37а,37,,,а,,,,,
,,Харків,Шевченківський район,Музична вулиця,,4,4,,,,,,,,
,,Харків,Шевченківський район,вулиця Ахсарова,,4/6а,4,6а,,,,,,,
,,Харків,Шевченківський район,вулиця Цезаря Кюї,,44,44,,,,61051,,,,
,,Харків,Шевченківський район,Людвіга Свободи проспект,,47,47,,,,,,,,
,,Харків,Шевченківський район,проспект Перемоги,,52в,52,,,в,,,,,
,,Харків,Шевченківський район,проспект Перемоги,,57а,57,,,а,,,,,
,,Харків,Шевченківський район,вулиця Ахсарова,,5а,5,,,а,,,,,
,,Харків,Шевченківський район,проспект Перемоги,,66г,66,,,г,,,,,
,,Харків,Шевченківський район,проспект Перемоги,,70а,70,,,а,,,,,
,,Харків,Шевченківський район,проспект Перемоги,,70б,70,,,б,,,,,
,,Харків,Шевченківський район,проспект Перемоги,,77а,77,,,а,,,,,
,,Харків,Шевченківський район,Бойова вулиця,,78,78,,,,,,,,
,,Харків,Шевченківський район,Музична вулиця,,8,8,,,,,,,,
,,Харків,Шевченківський район,вулиця 23 Серпня,,1,1,,,,,,,,
,,Харків,Шевченківський район,Малоджанкойська вулиця,,10,10,,,,,,,,
,,Харків,Шевченківський район,Малоджанкойська вулиця,,10а,10,,,а,,,,,
,,Харків,Шевченківський район,вулиця 23 Серпня,,11,11,,,,,,,,
,,Харків,Шевченківський район,Севастопольська вулиця,,117,117,,,,,,,,
,,Харків,Шевченківський район,вулиця 23 Серпня,,12а,12,,,а,,,,,
,,Харків,Шевченківський район,Клочківська вулиця,,232,232,,,,,,,,
,,Харків,Шевченківський район,Клочківська вулиця,,232а,232,,,а,,,,,
,,Харків,Шевченківський район,Клочківська вулиця,,236а,236,,,а,,,,,
,,Харків,Шевченківський район,Клочківська вулиця,,238,238,,,,,,,,
,,Харків,Шевченківський район,Клочківська вулиця,,240,240,,,,,,,,
,,Харків,Шевченківський район,Клочківська вулиця,,242,242,,,,,,,,
,,Харків,Шевченківський район,вулиця В'ячеслава Чорновола,Павла Лебедєва вулиця,27,27,,,,,,,,
,,Харків,Шевченківський район,Авіахімічний провулок,,2а,2,,,а,,,,,
,,Харків,Шевченківський район,вулиця 23 Серпня,,3,3,,,,,,,,
,,Харків,Шевченківський район,Малоджанкойська вулиця,,3,3,,,,,,,,
,,Харків,Шевченківський район,Малоджанкойська вулиця,,4,4,,,,,,,,
,,Харків,Шевченківський район,Малоджанкойська вулиця,,4а,4,,,а,,,,,
,,Харків,Шевченківський район,Малоджанкойська вулиця,,5,5,,,,,,,,
,,Харків,Шевченківський район,Авіахімічна вулиця,,58,58,,,,,,,,
,,Харків,Шевченківський район,Малоджанкойська вулиця,,6,6,,,,,,,,
,,Харків,Шевченківський район,Малоджанкойська вулиця,,7,7,,,,,,,,
,,Харків,Шевченківський район,вулиця 23 Серпня,,7,7,,,,,,,,
,,Харків,Шевченківський район,вулиця 23 Серпня,,7а,7,,,а,,,,,
,,Харків,Шевченківський район,Срібна вулиця,,8,8,,,,,,,,
,,Харків,Шевченківський район,Малоджанкойська вулиця,,8,8,,,,,,,,
,,Харків,Шевченківський район,Малоджанкойська вулиця,,8а,8,,,а,,,,,
,,Харків,Шевченківський район,вулиця 23 Серпня,,9,9,,,,,,,,
,,Харків,Шевченківський район,Малоджанкойська вулиця,,9,9,,,,,,,,
,,Харків,Шевченківський район,вулиця 23 Серпня,,9а,9,,,а,,,,,
,,Харків,Шевченківський район,Досвідний провулок,,11,11,,,,,,,,
,,Харків,Шевченківський район,Білобровський провулок,,12,12,,,,,,,,
,,Харків,Шевченківський район,Набережний провулок,,12,12,,,,,,,,
,,Харків,Шевченківський район,Мирна вулиця,,13,13,,,,,,,,
,,Харків,Шевченківський район,Набережний провулок,,13,13,,,,,,,,
,,Харків,Шевченківський район,Набережний провулок,,14,14,,,,,,,,
,,Харків,Шевченківський район,Іванівська вулиця,,14,14,,,,,,,,
,,Харків,Шевченківський район,Мирна вулиця,,3,3,,,,,,,,
,,Харків,Шевченківський район,Піщана вулиця,,3,3,,,,,,,,
,,Харків,Шевченківський район,Іванівська вулиця,,37,37,,,,,,,,
,,Харків,Шевченківський район,Рівний провулок,,4,4,,,,,,,,
,,Харків,Шевченківський район,Мирна вулиця,,5,5,,,,,,,,
,,Харків,Шевченківський район,Павлівська вулиця,,5,5,,,,,,,,
,,Харків,Шевченківський район,Мирна вулиця,,5а,5,,,а,,,,,
,,Харків,Шевченківський район,Мирна вулиця,,7,7,,,,,,,,
,,Харків,Шевченківський район,Мирна вулиця,,7б,7,,,б,,,,,
,,Харків,Шевченківський район,Космічна вулиця,,12,12,,,,,,,,
,,Харків,Шевченківський район,Сумгаїтська вулиця,,12,12,,,,,,,,
,,Харків,Шевченківський район,Коцюбинського вулиця,,13,13,,,,,,,,
,,Харків,Шевченківський район,Сумгаїтська вулиця,,14,14,,,,,,,,
,,Харків,Шевченківський район,провулок Балакірєва,,16а,16,,,а,61103,,,,
,,Харків,Шевченківський район,вулиця Дерев’янка,,16а,16,,,а,,,,,
,,Харків,Шевченківський район,Сумгаїтська вулиця,,18,18,,,,,,,,
,,Харків,Шевченківський район,вулиця Олександра Олеся,вулиця Сергія Єсеніна,2,2,,,,,,,,
,,Харків,Шевченківський район,вулиця 23 Серпня,,20б,20,,,б,,,,,
,,Харків,Шевченківський район,вулиця Старицького,,23,23,,,,,,,,
,,Харків,Шевченківський район,вулиця Старицького,,25,25,,,,,,,,
,,Харків,Шевченківський район,вулиця Старицького,,27,27,,,,,,,,
,,Харків,Шевченківський район,вулиця Старицького,,28,28,,,,,,,,
,,Харків,Шевченківський район,вулиця Старицького,,29,29,,,,,,,,
,,Харків,Шевченківський район,вулиця Дерев’янка,,30,30,,,,,,,,
,,Харків,Шевченківський район,вулиця Старицького,,30,30,,,,,,,,
,,Харків,Шевченківський район,проспект Науки,Леніна проспект,31а/1,31а/1,,,,,,,,
,,Харків,Шевченківський район,вулиця Дерев’янка,,32,32,,,,,,,,
,,Харків,Шевченківський район,вулиця Старицького,,34,34,,,,,,,,
,,Харків,Шевченківський район,вулиця Отакара Яроша,,35,35,,,,,,,,
,,Харків,Шевченківський район,вулиця Вартових Неба,,36,36,,,,,,,,
,,Харків,Шевченківський район,вулиця Станіслава Партали,Балакірєва вулиця,43,43,,,,,,,,
,,Харків,Шевченківський район,вулиця Дерев’янка,,44,44,,,,,,,,
,,Харків,Шевченківський район,вулиця 23 Серпня,,47б,47,,,б,,,,,
,,Харків,Шевченківський район,проспект Науки,Леніна проспект,49,49,,,,,,,,
,,Харків,Шевченківський район,Космонавтів вулиця,,5,5,,,,,,,,
,,Харків,Шевченківський район,вулиця Станіслава Партали,Балакірєва вулиця,52,52,,,,,,,,
,,Харків,Шевченківський район,вулиця Вартових Неба,,55а,55,,,а,,,,,
,,Харків,Шевченківський район,вулиця 23 Серпня,,56,56,,,,,,,,
,,Харків,Шевченківський район,вулиця Дерев’янка,,58,58,,,,,,,,
,,Харків,Шевченківський район,Сумгаїтська вулиця,,6,6,,,,,,,,
,,Харків,Шевченківський район,вулиця 23 Серпня,,61,61,,,,,,,,
,,Харків,Шевченківський район,вулиця Вартових Неба,,63,63,,,,,,,,
,,Харків,Шевченківський район,вулиця Вартових Неба,,65,65,,,,61072,,,,
,,Харків,Шевченківський район,проспект Науки,Леніна проспект,65а,65,,,а,,,,,
,,Харків,Шевченківський район,вулиця Вартових Неба,,69,69,,,,,,,,
,,Харків,Шевченківський район,вулиця Дерев’янка,,6а,6,,,а,,,,,
,,Харків,Шевченківський район,Освітянська вулиця,Союзна вулиця,7,7,,,,,,,,
,,Харків,Шевченківський район,вулиця 23 Серпня,,71,71,,,,,,,,
,,Харків,Шевченківський район,вулиця Отакара Яроша,,7а,7,,,а,,,,,
,,Харків,Шевченківський район,Освітянська вулиця,Союзна вулиця,7а,7,,,а,,,,,
,,Харків,Шевченківський район,Сумгаїтська вулиця,,8,8,,,,,,,,
,,Харків,Шевченківський район,Європейська вулиця,Новгородська вулиця,87,87,,,,,,,,
,,Харків,Шевченківський район,Європейська вулиця,Новгородська вулиця,8а,8,,,а,,,,,
,,Харків,Шевченківський район,вулиця Дерев’янка,,9,9,,,,,,,,
,,Харків,Шевченківський район,вулиця Культури,,1,1,,,,,,,,
,,Харків,Шевченківський район,проспект Незалежності,Правди проспект,13,13,,,,,,,,
,,Харків,Шевченківський район,проспект Незалежності,Правди проспект,12,12,,,,,,,,
,,Харків,Шевченківський район,Сумська вулиця,Карла Лібкнехта,61,61,,,,,,,,
,,Харків,Шевченківський район,Римарська вулиця,,11,11,,,,,,,,
,,Харків,Шевченківський район,провулок Кравцова,,11,11,,,,,,,,
,,Харків,Шевченківський район,Римарська вулиця,,13,13,,,,,,,,
,,Харків,Шевченківський район,Римарська вулиця,,14,14,,,,,,,,
,,Харків,Шевченківський район,Римарська вулиця,,15,15,,,,,,,,
,,Харків,Шевченківський район,Римарська вулиця,,18,18,,,,,,,,
,,Харків,Шевченківський район,Клочківська вулиця,,18,18,,,,,,,,
,,Харків,Шевченківський район,Римарська вулиця,,2,2,,,,,,,,
,,Харків,Шевченківський район,Клочківська вулиця,,20,20,,,,,,,,
,,Харків,Шевченківський район,Римарська вулиця,,21,21,,,,,,,,
,,Харків,Шевченківський район,Сумська вулиця,Карла Лібкнехта,21,21,,,,,,,,
,,Харків,Шевченківський район,Клочківська вулиця,,23,23,,,,,,,,
,,Харків,Шевченківський район,Сумська вулиця,Карла Лібкнехта,23,23,,,,,,,,
,,Харків,Шевченківський район,Римарська вулиця,,24,24,,,,,,,,
,,Харків,Шевченківський район,Клочківська вулиця,,25,25,,,,,,,,
,,Харків,Шевченківський район,Людмили Гурченко провулок,,3в,3,,,в,,,,,
,,Харків,Шевченківський район,Бурсацький узвіз,,5,5,,,,,,,,
,,Харків,Шевченківський район,Сумська вулиця,Карла Лібкнехта,5,5,,,,,,,,
,,Харків,Шевченківський район,Бурсацький узвіз,,6,6,,,,,,,,
,,Харків,Шевченківський район,Сумська вулиця,Карла Лібкнехта,7/9,7,9,,,,,,,
,,Харків,Шевченківський район,Римарська вулиця,,8,8,,,,,,,,
,,Харків,Шевченківський район,Університетська вулиця,,16,16,,,,61003,,,,
,,Харків,Шевченківський район,вулиця Квітки-Основ’яненка,,7,7,,,,,,,,
,,Харків,Шевченківський район,Архітекторів вулиця,,22,22,,,,,,,,
,,Харків,Шевченківський район,Архітекторів вулиця,,24,24,,,,,,,,
,,Харків,Шевченківський район,Архітекторів вулиця,,28,28,,,,,,,,
,,Харків,Шевченківський район,Архітекторів вулиця,,30,30,,,,,,,,
,,Харків,Шевченківський район,Архітекторів вулиця,,34,34,,,,,,,,
,,Харків,Шевченківський район,Людвіга Свободи проспект,,58,58,,,,,,,,
,,Харків,Шевченківський район,Людвіга Свободи проспект,,60,60,,,,,,,,
,,Харків,Шевченківський район,проспект Перемоги,,65б,65,,,б,,,,,
,,Харків,Шевченківський район,проспект Перемоги,,71б,71,,,б,,,,,
,,Харків,Шевченківський район,проспект Перемоги,,72а,72,,,а,,,,,
,,Харків,Шевченківський район,проспект Перемоги,,73а,73,,,а,,,,,
,,Харків,Шевченківський район,проспект Перемоги,,73б,73,,,б,,,,,
,,Харків,Шевченківський район,вулиця Ахсарова,,20а,20,,,а,,,,,
,,Харків,Шевченківський район,вулиця Ахсарова,,23а,23,,,а,,,,,
,,Харків,Шевченківський район,вулиця Ахсарова,,25,25,,,,,,,,
,,Харків,Шевченківський район,Клочківська вулиця,,339,339,,,,,,,,
,,Харків,Шевченківський район,Людвіга Свободи проспект,,40,40,,,,,,,,
,,Харків,Шевченківський район,Людвіга Свободи проспект,,40а,40,,,а,,,,,
,,Харків,Шевченківський район,Людвіга Свободи проспект,,40б,40,,,б,,,,,
,,Харків,Шевченківський район,вулиця Ахсарова,,5,5,,,,,,,,
,,Харків,Шевченківський район,проспект Перемоги,,50а,50,,,а,,,,,
,,Харків,Шевченківський район,проспект Перемоги,,53а,53,,,а,,,,,
,,Харків,Шевченківський район,проспект Перемоги,,60,60,,,,,,,,
,,Харків,Шевченківський район,проспект Перемоги,,60а,60,,,а,,,,,
,,Харків,Шевченківський район,вулиця 23 Серпня,,27,27,,,,,,,,
,,Харків,Шевченківський район,вулиця 23 Серпня,,29,29,,,,,,,,
,,Харків,Шевченківський район,Клочківська вулиця,,338а,338,,,а,,,,,
,,Харків,Шевченківський район,проспект Науки,Леніна проспект,45а,45,,,а,,,,,
,,Харків,Шевченківський район,вулиця 23 Серпня,,39а,39,,,а,,,,,
,,Харків,Шевченківський район,вулиця 23 Серпня,,41а,41,,,а,,,,,
,,Харків,Шевченківський район,вулиця 23 Серпня,,51,51,,,,,,,,
,,Харків,Шевченківський район,вулиця Старицького,,16,16,,,,,,,,
,,Харків,Шевченківський район,вулиця Станіслава Партали,Балакірєва вулиця,16а,16,,,а,61103,,,,
,,Харків,Шевченківський район,Балакірєва в’їзд,,3а,3,,,а,,,,,
,,Харків,Шевченківський район,вулиця Дерев’янка,,7,7,,,,,,,,
,,Харків,Шевченківський район,провулок 23 Серпня,,10,10,,,,,,,,
,,Харків,Шевченківський район,вулиця 23 Серпня,,62,62,,,,,,,,
,,Харків,Шевченківський район,вулиця Отакара Яроша,,61,61,,,,,,,,
,,Харків,Шевченківський район,провулок Отакара Яроша,,13,13,,,,,,,,
,,Харків,Шевченківський район,Клочківська вулиця,,216а,216,,,а,,,,,
,,Харків,Шевченківський район,Клочківська вулиця,,220,220,,,,,,,,
,,Харків,Шевченківський район,Шатилівська вулиця,Леніна вулиця,29,29,,,,,,,,
,,Харків,Шевченківський район,Європейська вулиця,Новгородська вулиця,8,8,,,,,,,,
,,Харків,Шевченківський район,Клочківська вулиця,,222,222,,,,,,,,
,,Харків,Шевченківський район,Херсонська вулиця,,105а,105,,,а,,,,,
,,Харків,Шевченківський район,бульвар Фронтовиків,,1,1,,,,61051,,,,
,,Харків,Шевченківський район,вулиця 23 Серпня,,31б,31,,,б,,,,,
,,Харків,Шевченківський район,Римарська вулиця,,23а,23,,,а,,,,,
,,Харків,Шевченківський район,провулок Кравцова,,3,3,,,,,,,,
,,Харків,Шевченківський район,Бурсацький узвіз,,4,4,,,,,,,,
,,Харків,Шевченківський район,Римарська вулиця,,5,5,,,,,,,,
,,Харків,Шевченківський район,провулок Кравцова,,7,7,,,,,,,,
,,Харків,Шевченківський район,Іванівська вулиця,,12,12,,,,,,,,
,,Харків,Шевченківський район,Університетська вулиця,,27,27,,,,,,,,
,,Харків,Шевченківський район,Павлівський майдан,Рози Люксембург майдан,5,5,,,,,,,,
,,Харків,Шевченківський район,майдан Конституції,,5/1,5,1,,,,,,,
,,Харків,Шевченківський район,вулиця Квітки-Основ’яненка,,11,11,,,,,,,,
,,Харків,Шевченківський район,вулиця Квітки-Основ’яненка,,13,13,,,,,,,,
,,Харків,Шевченківський район,Університетська вулиця,,13,13,,,,,,,,
,,Харків,Шевченківський район,майдан Конституції,,3,3,,,,,,,,
,,Харків,Шевченківський район,вулиця Квітки-Основ’яненка,,5,5,,,,,,,,
,,Харків,Шевченківський район,майдан Конституції,,9,9,,,,,,,,
,,Харків,Шевченківський район,Сумська вулиця,Карла Лібкнехта,11,11,,,,,,,,
,,Харків,Шевченківський район,Римарська вулиця,,12,12,,,,,,,,
,,Харків,Шевченківський район,Сумська вулиця,Карла Лібкнехта,17,17,,,,,,,,
,,Харків,Шевченківський район,Римарська вулиця,,20,20,,,,,,,,
,,Харків,Шевченківський район,Римарська вулиця,,22,22,,,,,,,,
,,Харків,Шевченківський район,Римарська вулиця,,26,26,,,,,,,,
,,Харків,Шевченківський район,Сумська вулиця,Карла Лібкнехта,9,9,,,,,,,,
,,Харків,Шевченківський район,провулок Кравцова,,15,15,,,,,,,,
,,Харків,Шевченківський район,вулиця Бориса Чичибабіна,,1,1,,,,,,,,
,,Харків,Шевченківський район,Ромен Роллана вулиця,,13,13,,,,,,,,
,,Харків,Шевченківський район,вулиця Данилевського,,29,29,,,,,,,,
,,Харків,Шевченківський район,вулиця Юри Зойфера,Анрі Барбюса вулиця,3,3,,,,,,,,
,,Харків,Шевченківський район,Літературна вулиця,Ярослава Галана вулиця,3,3,,,,,,,,
,,Харків,Шевченківський район,вулиця Данилевського,,30,30,,,,,,,,
,,Харків,Шевченківський район,вулиця Данилевського,,34,34,,,,61058,,,,
,,Харків,Шевченківський район,вулиця Данилевського,,33,33,,,,,,,,
,,Харків,Шевченківський район,вулиця Бориса Чичибабіна,,3,3,,,,,,,,
,,Харків,Шевченківський район,вулиця Данилевського,,41,41,,,,,,,,
,,Харків,Шевченківський район,Літературна вулиця,Ярослава Галана вулиця,5,5,,,,,,,,
,,Харків,Шевченківський район,вулиця Бориса Чичибабіна,,7 (п1-п2),7 (п1-п2),,,,,,,,
,,Харків,Шевченківський район,вулиця Юри Зойфера,Анрі Барбюса вулиця,7,7,,,,,,,,
,,Харків,Шевченківський район,вулиця Данилевського,,8 (п1-п4),8 (п1-п4),,,,,,,,
,,Харків,Шевченківський район,вулиця Бориса Чичибабіна,,9,9,,,,,,,,
,,Харків,Шевченківський район,вулиця Старицького,,24,24,,,,,,,,
,,Харків,Шевченківський район,вулиця Старицького,,26,26,,,,,,,,
,,Харків,Шевченківський район,вулиця Дерев’янка,,34,34,,,,,,,,
,,Харків,Шевченківський район,Шекспіра провулок,,7,7,,,,,,,,
,,Харків,Шевченківський район,вулиця 23 Серпня,,8,8,,,,,,,,
,,Харків,Шевченківський район,провулок 23 Серпня,,1,1,,,,,,,,
,,Харків,Шевченківський район,проспект Перемоги,,68д,68,,,д,,,,,
,,Харків,Шевченківський район,Ярмарковий провулок,Спартаківський провулок,3,3,,,,,,,,
,,Харків,Шевченківський район,Іванівська вулиця,,22,22,,,,,,,,
,,Харків,Шевченківський район,Клочківська вулиця,,46,46,,,,,,,,
,,Харків,Шевченківський район,Клочківська вулиця,,67/2,67,2,,,,,,,
,,Харків,Шевченківський район,Клочківська вулиця,,95,95,,,,,,,,
,,Харків,Шевченківський район,Фронтова вулиця,,2,2,,,,,,,,
,,Харків,Шевченківський район,вулиця 23 Серпня,,34б,34,,,б,,,,,
,,Харків,Шевченківський район,Білобровський провулок,,7,7,,,,,,,,
,,Харків,Шевченківський район,Білобровський провулок,,5,5,,,,,,,,
,,Харків,Шевченківський район,проспект Перемоги,,53б,53,,,б,,,,,
,,Харків,Шевченківський район,проспект Перемоги,,46а,46,,,а,,,,,
,,Харків,Шевченківський район,вулиця Олександра Олеся,вулиця Сергія Єсеніна,2а,2,,,а,61072,,,,
,,Харків,Шевченківський район,вулиця Отакара Яроша,,18/1,18,1,,,,,,,
,,Харків,Шевченківський район,вулиця Отакара Яроша,,28,28,,,,,,,,
,,Харків,Шевченківський район,вулиця Семена Кузнеця,Ревкомівська вулиця,47,47,,,,,,,,
,,Харків,Шевченківський район,Рогатинський проїзд,Рогатинський в'їзд,4Б,4,,,Б,,,,,
,,Харків,Шевченківський район,Людвіга Свободи проспект,,61а,61,,,а,61201,,,,
,,Харків,Шевченківський район,проспект Перемоги,,66л,66,,,л,,,,,
,,Харків,Шевченківський район,Іванівська набережна,,13,13,,,,,,,,
,,Харків,Шевченківський район,Херсонська вулиця,,105б,105,,,б,,,,,
,,Харків,Шевченківський район,Сухумська вулиця,,11,11,,,,,,,,
,,Харків,Шевченківський район,Новопрудна вулиця,,9Б,9,,,Б,,,,,
,,Харків,Шевченківський район,Фанінський провулок,,3В,3,,,В,,,,,
,,Харків,Шевченківський район,вулиця Старицького,,23а,23,,,а,,,,,
,,Харків,Шевченківський район,вулиця Отакара Яроша,,45а,45,,,а,,,,,
,,Харків,Шевченківський район,вулиця Мирослава Мисли,Цілиноградська вулиця,50г,50,,,г,,,,,
,,Харків,Шевченківський район,Мінська вулиця,,49,49,,,,61166,,,,
,,Харків,Шевченківський район,провулок Отакара Яроша,,12а,12,,,а,,,,,
,,Харків,Шевченківський район,Клочківська вулиця,,190а,190,,,а,,,,,
,,Харків,Шевченківський район,проспект Перемоги,,73в,73,,,в,,,,,
,,Харків,Шевченківський район,проспект Перемоги,,75в,75,,,в,,,,,
,,Харків,Шевченківський район,проспект Перемоги,,67в,67,,,в,,,,,
,,Харків,Шевченківський район,проспект Перемоги,,64д,64,,,д,,,,,
,,Харків,Шевченківський район,проспект Перемоги,,65г к1,65г к1,,,,61174,,,,
,,Харків,Шевченківський район,проспект Перемоги,,64в,64,,,в,,,,,
,,Харків,Шевченківський район,вулиця Спецпідрозділу Кракен,Серпова вулиця,4а,4,,,а,,,,,
,,Харків,Шевченківський район,Клочківська вулиця,,333,333,,,,,,,,
,,Харків,Шевченківський район,Людвіга Свободи проспект,,29,29,,,,,,,,
,,Харків,Шевченківський район,проспект Незалежності,Правди проспект,10Г,10,,,Г,,,,,
,,Харків,Шевченківський район,Іванівська вулиця,,1,1,,,,,,,,
,,Харків,Шевченківський район,Римарська вулиця,,25,25,,,,,,,,
,,Харків,Шевченківський район,Липовая,,14,14,,,,,,,,
,,Харків,Шевченківський район,Динамівська вулиця,,10,10,,,,,,,,
,,Харків,Шевченківський район,Європейська вулиця,Новгородська вулиця,85,85,,,,,,,,
,,Харків,Шевченківський район,Липовая,,8,8,,,,,,,,
,,Харків,Шевченківський район,вулиця Білої Акації,,3,3,,,,,,,,
,,Харків,Шевченківський район,Клочківська вулиця,,260,260,,,,,,,,
,,Харків,Шевченківський район,Клочківська вулиця,,290,290,,,,,,,,
,,Харків,Шевченківський район,Клочківська вулиця,,276б,276,,,б,,,,,
,,Харків,Шевченківський район,проспект Перемоги,,66о,66,,,о,,,,,
,,Харків,Шевченківський район,проспект Перемоги,,66п,66,,,п,,,,,
,,Харків,Шевченківський район,проспект Перемоги,,66м,66,,,м,,,,,
,,Харків,Шевченківський район,проспект Перемоги,,66р,66,,,р,,,,,
,,Харків,Шевченківський район,проспект Перемоги,,66н,66,,,н,,,,,
,,Харків,Шевченківський район,Клочківська вулиця,,186,186,,,,,,,,
,,Харків,Шевченківський район,Клочківська вулиця,,197д,197,,,д,,,,,
,,Харків,Шевченківський район,проспект Незалежності,Правди проспект,5 (п1-п8),5 (п1-п8),,,,,,,,
,,Харків,Шевченківський район,проспект Незалежності,Правди проспект,5 (п9-п17),5 (п9-п17),,,,,,,,
,,Харків,Шевченківський район,вулиця Юри Зойфера,Анрі Барбюса вулиця,6,6,,,,,,,,
,,Харків,Шевченківський район,Радгоспна вулиця,,3,3,,,,,,,,
,,Харків,Шевченківський район,проспект Незалежності,Правди проспект,5а,5,,,а,,,,,
,,Харків,Шевченківський район,проспект Незалежності,Правди проспект,5б,5,,,б,,,,,
,,Харків,Шевченківський район,провулок Отакара Яроша,,22,22,,,,61045,,,,
,,Харків,Шевченківський район,Клочківська вулиця,,197/7,197,7,,,,,,,
,,Харків,Шевченківський район,Клочківська вулиця,,259Б,259,,,Б,,,,,
,,Харків,Шевченківський район,вулиця Данилевського,,32б,32,,,б,,,,,
,,Харків,Шевченківський район,вулиця Данилевського,,32,32,,,,,,,,
,,Харків,Шевченківський район,Клочківська вулиця,,99,99,,,,,,,,
,,Харків,Шевченківський район,проспект Науки,Леніна проспект,27а,27,,,а,61072,,,,
,,Харків,Шевченківський район,вулиця Шекспіра,,15а,15,,,а,,,,,
,,Харків,Шевченківський район,вулиця Юри Зойфера,Анрі Барбюса вулиця,3а,3,,,а,,,,,
,,Харків,Шевченківський район,проспект Науки,Леніна проспект,12 (п24),12 (п24),,,,,,,,
,,Харків,Шевченківський район,провулок Отакара Яроша,,20 к1,20 к1,,,,,,,,
,,Харків,Шевченківський район,провулок Отакара Яроша,,20 к2,20 к2,,,,,,,,
,,Харків,Шевченківський район,Клочківська вулиця,,193 к1,193 к1,,,,,,,,
,,Харків,Шевченківський район,Клочківська вулиця,,193 к2,193 к2,,,,,,,,
,,Харків,Шевченківський район,вулиця Мирослава Мисли,Цілиноградська вулиця,58б,58,,,б,,,,,
,,Харків,Шевченківський район,Професорська вулиця,,34,34,,,,61070,,,,
,,Харків,Шевченківський район,Клочківська вулиця,,190-А,190,,А,,,,,,
,,Харків,Шевченківський район,вулиця 23 Серпня,,10/12,10,12,,,,,,,
,,Харків,Шевченківський район,вулиця Дмитра Антоненка,Мінська вулиця,49 к2,49 к2,,,,61166,,,,
,,Харків,Шевченківський район,Сухумська вулиця,,24,24,,,,,,,,
,,Харків,Шевченківський район,Клочківська вулиця,,193,193,,,,,,,,
,,Харків,Шевченківський район,Мирна вулиця,,7а,7,,,а,,,,,
,,Харків,Шевченківський район,вулиця Отакара Яроша,,18б,18,,,б,,,,,
,,Харків,Шевченківський район,вулиця Отакара Яроша,,16б,16,,,б,,,,,
,,Харків,Шевченківський район,вулиця 23 Серпня,,12,12,,,,,,,,
,,Харків,Шевченківський район,Клочківська вулиця,,218/1,218,1,,,,,,,
,,Харків,Шевченківський район,Клочківська вулиця,,9,9,,,,,,,,
,,Харків,Шевченківський район,1-й Нескучний в'їзд,,8,8,,,,61000,,,,
,,Харків,Шевченківський район,проспект Перемоги,,85,85,,,,,,,,
,,Харків,Шевченківський район,Білобровський провулок,,10а,10,,,а,,,,,
,,Харків,Шевченківський район,проспект Перемоги,,89,89,,,,61174,,,,
,,Харків,Шевченківський район,Клочківська вулиця,,69,69,,,,,,,,
,,Харків,Шевченківський район,вулиця Мирослава Мисли,Цілиноградська вулиця,58а,58,,,а,,,,,
,,Харків,Шевченківський район,вулиця 23 Серпня,,33г,33,,,г,,,,,
,,Харків,Шевченківський район,Клинська вулиця,,1 к1,1 к1,,,,,,,,
,,Харків,Шевченківський район,Клинська вулиця,,1 к2,1 к2,,,,,,,,
,,Харків,Шевченківський район,Білобровський провулок,,10,10,,,,,,,,
,,Харків,Шевченківський район,Клочківська вулиця,,67/1,67,1,,,,,,,
,,Харків,Шевченківський район,Іванівський провулок,,5/1,5,1,,,,,,,
,,Харків,Шевченківський район,проспект Перемоги,,87,87,,,,,,,,
,,Харків,Шевченківський район,проспект Людвіга Свободи,,20А,20,,,А,,,,,
,,Харків,Шевченківський район,Сумська вулиця,Карла Лібкнехта,35,35,,,,,,,,
,,Харків,Шевченківський район,Сумська вулиця,Карла Лібкнехта,25,25,,,,,,,,
,,Харків,Шевченківський район,вулиця Рогатинська Левада,Іванівський провулок,12,12,,,,,,,,
,,Харків,Шевченківський район,Рогатинська Левада вулиця,,10,10,,,,,,,,
,,Харків,Шевченківський район,Рогатинська Левада вулиця,,6,6,,,,,,,,
,,Харків,Шевченківський район,Рогатинська Левада вулиця,,18,18,,,,,,,,
,,Харків,Шевченківський район,Рогатинська Левада вулиця,,8,8,,,,,,,,
,,Харків,Шевченківський район,Клочківська вулиця,,159,159,,,,,,,,
,,Харків,Шевченківський район,Клочковская,,117,117,,,,,,,,
,,Харків,Шевченківський район,Клочківська вулиця,,93,93,,,,,,,,
,,Харків,Шевченківський район,проспект Перемоги,,64б,64,,,б,,,,,
,,Харків,Шевченківський район,Домобудівельна вулиця,,13,13,,,,,,,,
,,Харків,Шевченківський район,Домобудівельна вулиця,,11,11,,,,,,,,
,,Харків,Шевченківський район,Домобудівельна вулиця,,9,9,,,,,,,,
,,Харків,Шевченківський район,проспект Науки,Леніна проспект,65/14,65,14,,,61101,,,,
,,Харків,Шевченківський район,проспект Науки,Леніна проспект,65/17,65,17,,,61103,,,,
,,Харків,Шевченківський район,проспект Науки,Леніна проспект,65/16,65,16,,,61103,,,,
,,Харків,Шевченківський район,проспект Науки,Леніна проспект,65/15,65,15,,,61103,,,,
,,Харків,Шевченківський район,проспект Науки,Леніна проспект,52,52,,,,,,,,
,,Харків,Шевченківський район,вулиця Спецпідрозділу Кракен,Серпова вулиця,4в,4,,,в,,,,,
,,Харків,Шевченківський район,Римарська вулиця,,27,27,,,,,,,,
,,Харків,Шевченківський район,Балакірєва вулиця,,19а,19,,,а,,,,,
,,Харків,Шевченківський район,Рогатинська Левада вулиця,,16,16,,,,,,,,
,,Харків,Шевченківський район,Рогатинська Левада вулиця,,14,14,,,,,,,,
,,Харків,Шевченківський район,Батумська вулиця,,4/67,4,67,,,,,,,
,,Харків,Шевченківський район,Сокільники,,3,3,,,,,,,,
,,Харків,Шевченківський район,Сумская вулиця,,35а,35,,,а,,,,,
,,Харків,Шевченківський район,Домобудівельна вулиця,,3,3,,,,,,,,
,,Харків,Шевченківський район,Домобудівельна вулиця,,7,7,,,,,,,,
,,Харків,Шевченківський район,Авіахімічна вулиця,,7,7,,,,,,,,
,,Харків,Шевченківський район,проспект Перемоги,,76А/1,76А/1,,,,,,,,
,,Харків,Шевченківський район,Людвіга Свободи проспект,,28а,28,,,а,,,,,
,,Харків,Шевченківський район,вулиця Вартових Неба,,47а,47,,,а,,,,,
,,Харків,Шевченківський район,вулиця Отакара Яроша,,25а/1,25а/1,,,,,,,,
,,Харків,Шевченківський район,проспект Науки,Леніна проспект,65/12,65,12,,,61101,,,,
,,Харків,Шевченківський район,проспект Науки,Леніна проспект,65/13,65,13,,,61101,,,,
,,Харків,Шевченківський район,Ботанічна вулиця,,2,2,,,,,,,,
,,Харків,Шевченківський район,Мінська вулиця,,49а,49,,,а,,,,,
,,Харків,Шевченківський район,проспект Перемоги,,55в,55,,,в,61174,,,,
,,Харків,Шевченківський район,вулиця Мирослава Мисли,Цілиноградська вулиця,11,11,,,,,,,,
,,Харків,Шевченківський район,Професорська вулиця,,14,14,,,,61070,,,,
,,Харків,Шевченківський район,Професорська вулиця,,18,18,,,,61070,,,,
,,Харків,Шевченківський район,Професорська вулиця,,12,12,,,,61070,,,,
,,Харків,Шевченківський район,проспект Науки,Леніна проспект,14Б,14,,,Б,,,,,
,,Харків,Шевченківський район,проспект Науки,Леніна проспект,31/1,31,1,,,,,,,
,,Харків,Шевченківський район,Севастопольська вулиця,,5,5,,,,,,,,
,,Харків,Шевченківський район,Севастопольська вулиця,,3,3,,,,,,,,
,,Харків,Шевченківський район,вулиця Юрія Пояркова,Бородинівська вулиця,41,41,,,,,,,,
,,Харків,Шевченківський район,Рогатинська Левада вулиця,,16а,16,,,а,,,,,
,,Харків,Шевченківський район,вулиця Ахсарова,,4/6,4,6,,,,,,,
,,Харків,Шевченківський район,вулиця Ахсарова,,4/6б,4,6б,,,,,,,
,,Харків,Шевченківський район,Сухумська вулиця,,22,22,,,,,,,,
,,Харків,Шевченківський район,вулиця Станіслава Партали,Балакірєва вулиця,17в,17,,,в,,,,,
,,Харків,Шевченківський район,Квітки-Основ’яненка вулиця,,14,14,,,,,,,,
,,Харків,Шевченківський район,проспект Науки,Леніна проспект,88/90,88,90,,,,,,,
,,Харків,Шевченківський район,Клочківська вулиця,,108 к1,108 к1,,,,,,,,
,,Харків,Шевченківський район,Лопанська вулиця,,35,35,,,,,,,,
,,Харків,Шевченківський район,вулиця Євгенія Єніна,вулиця Бакуліна,9а,9,,,а,,,,,
,,Харків,Шевченківський район,Клочківська вулиця,,199/2,199,2,,,,,,,
,,Харків,Шевченківський район,проспект Науки,Леніна проспект,46,46,,,,61072,,,,
,,Харків,Шевченківський район,Дергачівська вулиця,,4,4,,,,,,,,
,,Харків,Шевченківський район,Іванівська вулиця,,29,29,,,,,,,,
,,Харків,Шевченківський район,Сокільницька вулиця,,26,26,,,,,,,,
,,Харків,Шевченківський район,Професорська вулиця,,6,6,,,,,,,,
,,Харків,Шевченківський район,Професорська вулиця,,4,4,,,,,,,,
,,Харків,Шевченківський район,Професорська вулиця,,2,2,,,,,,,,
,,Харків,Шевченківський район,проспект Перемоги,,86-В,86,,В,,,,,,
,,Харків,Шевченківський район,проспект Перемоги,,86-Б,86,,Б,,,,,,
,,Харків,Шевченківський район,проспект Перемоги,,86,86,,,,,,,,
,,Харків,Шевченківський район,Броньова вулиця,,28,28,,,,,,,,
,,Харків,Шевченківський район,пр. Людвига Свободы,,20Б,20,,,Б,,,,,
,,Харків,Шевченківський район,Досвідний провулок,,9,9,,,,,,,,
,,Харків,Шевченківський район,Досвідний провулок,,9а,9,,,а,,,,,
,,Харків,Шевченківський район,вулиця Юрія Пояркова,Бородинівська вулиця,18,18,,,,,,,,
,,Харків,Шевченківський район,провулок Кравцова,,2,2,,,,,,,,
,,Харків,Шевченківський район,провулок Кравцова,,8,8,,,,,,,,
,,Харків,Шевченківський район,Дмитра Антоненка вулиця,,50,50,,,,,,,,
,,Харків,Шевченківський район,вулиця Спецпідрозділу Кракен,Серпова вулиця,4,4,,,,,,,,
,,Харків,Шевченківський район,Кузнецька вулиця,,1,1,,,,,,,,
,,Харків,Шевченківський район,Професорська вулиця,,16,16,,,,,,,,
,,Харків,Шевченківський район,Професорська вулиця,,14,14,,,,,,,,
,,Харків,Шевченківський район,Професорська вулиця,,12,12,,,,,,,,
,,Харків,Шевченківський район,Професорська вулиця,,18,18,,,,,,,,
,,Харків,Шевченківський район,вулиця Мирослава Мисли,Цілиноградська вулиця,48в,48,,,в,,,,,
,,Харків,Шевченківський район,Динамівська вулиця,,77/1,77,1,,,,,,,
,,Харків,Шевченківський район,вулиця Професора Отамановського,Коломенська вулиця,4,4,,,,,,,,
,,Харків,Шевченківський район,Культури вулиця,,4,4,,,,,,,,
,,Харків,Шевченківський район,проспект Перемоги,,89,89,,,,,,,,
,,Харків,Шевченківський район,вулиця Науки,,65/1104,65,1104,,,,,,,
,,Харків,Шевченківський район,Батумська вулиця,,4/60,4,60,,,,,,,
,,Харків,Шевченківський район,вулиця Спецпідрозділу Кракен,Серпова вулиця,4б,4,,,б,,,,,
,,Харків,Шевченківський район,Клочківська вулиця,,335,335,,,,,,,,
,,Харків,Шевченківський район,Кутова вулиця,,7,7,,,,,,,,
,,Харків,Шевченківський район,Клочківська вулиця,,5А,5,,,А,,,,,
,,Харків,Шевченківський район,Клочківська вулиця,,5,5,,,,,,,,
,,Харків,Шевченківський район,Університетська вулиця,,14/16,14,16,,,,,,,
,,Харків,Шевченківський район,Університетська вулиця,,12/14,12,14,,,,,,,
,,Харків,Шевченківський район,вулиця Квітки-Основ’яненка,,12,12,,,,,,,,
,,Харків,Шевченківський район,майдан Свободи,,7,7,,,,,,,,
,,Харків,Шевченківський район,Клочківська вулиця,,8,8,,,,,,,,
,,Харків,Шевченківський район,Римарська вулиця,,7,7,,,,,,,,
,,Харків,Шевченківський район,Класичний провулок,,1,1,,,,,,,,
,,Харків,Шевченківський район,Римарська вулиця,,9,9,,,,,,,,
,,Харків,Шевченківський район,Клочківська вулиця,,29,29,,,,,,,,
,,Харків,Шевченківський район,Бурсацький узвіз,,2,2,,,,,,,,
,,Харків,Шевченківський район,Бурсацький узвіз,,14/7,14,7,,,,,,,
,,Харків,Шевченківський район,Клочківська вулиця,,6,6,,,,,,,,
,,Харків,Шевченківський район,вулиця Трінклера,,22,22,,,,,,,,
,,Харків,Шевченківський район,Римарська вулиця,,23в,23,,,в,,,,,
,,Харків,Шевченківський район,Батумська вулиця,,4,4,,,,,,,,
,,Харків,Шевченківський район,Клочківська вулиця,,295,295,,,,,,,,
,,Харків,Шевченківський район,вулиця Дмитра Антоненка,Мінська вулиця,49 к1,49 к1,,,,61166,,,,
,,Харків,Шевченківський район,Клочківська вулиця,,99,99,,,,61022,,,,
,,Харків,Шевченківський район,Котельниківська вулиця,,3,3,,,,61201,,,,
,,Харків,Шевченківський район,проспект Науки,Леніна проспект,20,20,,,,61166,,,,
,,Харків,Шевченківський район,вулиця Квітки-Основ’яненка,,4/6,4,6,,,61003,,,,
,,Харків,Шевченківський район,Фронтова вулиця,,3,3,,,,61070,,,,
,,Харків,Шевченківський район,майдан Свободи,,4,4,,,,61022,,,,
,,Харків,Шевченківський район,вулиця Ахсарова,,18а,18,,,а,61202,,,,
,,Харків,Шевченківський район,вулиця Ахсарова,,3а,3,,,а,61202,,,,
,,Харків,Шевченківський район,Людвіга Свободи проспект,,37б,37,,,б,61202,,,,
,,Харків,Шевченківський район,Клочківська вулиця,,195в,195,,,в,61145,,,,
,,Харків,Шевченківський район,проспект Науки,Леніна проспект,14,14,,,,,,,,
,,Харків,Шевченківський район,Сумська вулиця,Карла Лібкнехта,13,13,,,,,,,,
,,Харків,Шевченківський район,Клочківська вулиця,,28,28,,,,,,,,
,,Харків,Шевченківський район,вулиця Коцюбинського,,12,12,,,,61145,,,,
,,Харків,Шевченківський район,Професорська вулиця,,31,31,,,,,,,,
,,Харків,Шевченківський район,Досвідний провулок,,99,99,,,,,,,,
,,Харків,Шевченківський район,Університетська вулиця,,23,23,,,,,,,,
,,Харків,Шевченківський район,Університетська вулиця,,25,25,,,,,,,,
,,Харків,Шевченківський район,Іванівська вулиця,,5/1,5,1,,,,,,,
,,Харків,Шевченківський район,Софіївська вулиця,,41/1,41,1,,,,,,,
,,Харків,Шевченківський район,Професорська вулиця,,16,16,,,,61070,,,,
